Workbook

Sheet 서비스 Master
C1: 1 | D1: 2 | E1: 3 | F1: 4 | G1: 5 | H1: 6 | I1: 7 | J1: 8 | K1: 9 | L1: 10 | M1: 11 | N1: 12 | O1: 13 | P1: 14 | Q1: 15 | R1: 16 | S1: 17 | T1: 18 | U1: 19 | V1: 20 | W1: 21 | X1: 22 | Y1: 23 | Z1: 24 | AC1: 26 | AD1: 27 | AE1: 28 | AF1: 29 | AG1: 30 | AH1: 31 | AI1: 32 | AJ1: 33 | AK1: 34 | AP1: 35 | AQ1: 36 | AR1: 37 | AS1: 38 | AT1: 39 | AU1: 40 | AV1: 41 | AX1: 42 | AZ1: 42
I2: Appl. 담당 | N2: 고객사 IT 담당 | Q2: Infa 담당자(SK/협) | W2: Front-End | Y2: Back-End | AB2: 운영환경 | AE2: 자동화도구 | AH2: 모니터링 | AL2: 시스템 활용도 | AP2: 비고(특이사항) | AQ2: 서비스 대상
A3: No | B3: 구분 | C3: 시스템명 | D3: 시스템 구분 번호 | E3: 설명 | F3: 당사 관리 범위 | G3: 서비스 등급 | H3: 서비스 수준 | I3: 담당 회사 | J3: 담당 부서 | K3: 담당 팀장 | L3: 담당자 | M3: 협력 | N3: 담당 부서 | O3: 담당 팀장 | P3: 담당자 | Q3: 서버(OS) | R3: MW | S3: DB | T3: NW | U3: 서비스 오픈일 | V3: SI/솔루션 | W3: 언어 | X3: Framework | Y3: 언어 | Z3: Framework | AA3: Middleware | AB3: Cloud구분 | AC3: CSP | AD3: DB | AE3: 형상관리 | AF3: 코드 (개발F/W) | AG3: 배포 | AH3: Infra (서버,DB,MW) | AI3: N/W | AJ3: APM | AK3: ITGC여부 | AL3: 전체 사용자수 | AM3: 활성 사용자수 | AN3: 오너 부서 | AO3: 활용 주기 | AQ3: GC | AR3: 파마 | AS3: 플라즈마 | AT3: MU | AU3: 엔티스 | AV3: 대정 | AW3: DY | AX3: BS | AY3: BS Share 비율 (케미칼 : 바사) | AZ3: BS Share 비고
A4: 1 | B4: 경영지원 | C4: HR G/W HCM G/W | D4: =A4 -> 1 | E4: [시스템 개요] HCM 클라우드 인사관리시스템과 기간/레가시간 데이터 중계 시스템 [주요 기능] 1. HCM 의 인사 및 조직 정보 및 변경 내역을 Daily 로 ERP 및 Legacy 시스템으로 I/F 2. GC, LS, 플라즈마, BS, DY 공통으로 사용 중임 | F4: Appl | I4: C&C | J4: 제조MIS서비스2팀 | K4: 정철우 | L4: 조래옥 | M4: 유원혁 | N4: DT팀 | O4: 두상헌 | P4: 김햇빛 | U4: 2020 | V4: SI 개발 | W4: C# 5.0 | X4: .Net 4.5 | Y4: C# 5.0 | Z4: .Net 4.5 | AB4: N | AD4: MSSQL 2019 | AE4: bitbucket | AF4: .Net 4.5 | AG4: Jenkins | AJ4: Datadog | AQ4: O | AR4: O | AS4: O | AT4: O | AU4: O | AV4: O | AW4: O | AX4: O | AY4: 0.647:0.335 | AZ4: 인력/서비스 Share : 유원혁 M, 25년 : 0.642:0.338
A5: 2 | C5: MDM 시스템 | D5: =A5 -> 2 | E5: [시스템 개요] 전사기준정보(고객,공급업체,제품,원부재료,기자재,설비) 주요 코드를 생성하여 ERP등 필요 시스템에 넘겨주는 시스템 [주요 기능] 1. 마스터 코드 생성 | F5: Appl | I5: C&C | J5: Plant서비스팀 | K5: 이동호 | L5: 이용재 | M5: 민준홍 | N5: DT팀 | O5: 두상헌 | P5: 유현상 | U5: 2021 | V5: 솔루션 | W5: Javascript ES5 / JSP 2.3 | X5: jQuery 1.11.1 / Ext JS 7.4.0.42 | Y5: Java 1.8 | Z5: Spring 4.3.22 | AB5: Y | AC5: AWS | AD5: MSSQL 2017 | AE5: bitbucket | AF5: Java 1.8 | AG5: Jenkins | AJ5: Datadog | AK5: Y | AQ5: O
A6: 3 | C6: MDM 유지보수 | D6: =A6 -> 3 | E6: 솔루션 유지보수 | F6: Appl | V6: N/A | AP6: 솔루션 유지보수
A7: 4 | C7: PMO | D7: =A7 -> 4 | E7: [시스템 개요] 내부통제 및 품질관리 Legacy PMO | F7: Appl | I7: C&C | J7: 제조MIS서비스2팀 | K7: 정철우 | L7: 조래옥 | M7: 최문석/홍명기 | N7: DT팀 | O7: 두상헌 | P7: 민석홍 | V7: N/A | AX7: O | AY7: 0.647:0.335 | AZ7: 인력 Share : 최문석 M, 25년 : 0.642:0.338
A8: 5 | C8: RPA | D8: =A8 -> 5 | E8: [시스템 개요] RPA(Robotic Process Automation). 반복적이고 규칙적인 업무를 소프트웨어 봇이 자동화하여 수행하는 시스템 현재 75개 프로세스 운영 중 [주요 기능] 1. 업무 프로세스 자동화 2. 프로세스 스케쥴링 3. 이메일 트리거 실행 | F8: Appl | I8: C&C | J8: 제조MIS서비스2팀 | K8: 정철우 | L8: 이인 | M8: 김건휘 | N8: DT팀 | O8: 두상헌 | P8: 김햇빛 | U8: 2008 | V8: 솔루션 | W8: N/A | X8: N/A | Y8: N/A | Z8: A360 | AB8: Y | AC8: AWS | AD8: MSSQL 2017 | AE8: A360 | AF8: A360 | AG8: A360 | AQ8: O | AR8: O
A9: 6 | C9: UI/UX | D9: =A9 -> 6 | E9: [시스템 개요] 웹 기획 및 웹 퍼블리싱/디자인 | F9: Appl | I9: C&C | J9: 제조MIS서비스2팀 | K9: 정철우 | L9: 조래옥 | M9: 양미라 | N9: DT팀 | O9: 두상헌 | P9: 김햇빛 | V9: N/A
A10: 7 | C10: 구)e-HR | D10: =A10 -> 7 | E10: [시스템 개요] 케미칼 과거 인사시스템 [주요기능] 1. 케미칼 과거 인사데이터 2. 케미칼 과거 연말정산 데이터 보관 | F10: Appl | I10: C&C | J10: 제조MIS서비스2팀 | K10: 정철우 | L10: 조래옥 | M10: 정정배/김기정 | N10: DT팀 | O10: 두상헌 | P10: 김햇빛 | U10: 2001 | V10: SI 개발 | W10: JSP 2.0 | X10: JDK 1.4.2 | Y10: Java 1.8 | Z10: JDK 1.4.2 | AB10: N | AD10: Oracle 10g | AE10: - | AF10: Java 1.8 | AG10: - | AQ10: O | AR10: O | AS10: O | AT10: O | AU10: O | AV10: O | AW10: O
A11: 8 | C11: 데이터레이크 | D11: =A11 -> 8 | E11: [시스템 개요] 원천시스템의 데이터를 분석의 목적으로 한곳에 모아두는 정보계 시스템 [주요 기능] 1. 원천 시스템 데이터 Gathering 2. 데이터 분석 | F11: Appl | I11: C&C | J11: 제조MIS서비스2팀 | K11: 정철우 | L11: 조래옥 | M11: 경규민 | N11: DT팀 | O11: 두상헌 | P11: 민석홍 | U11: 2022 | V11: SI 개발 | W11: N/A | X11: N/A | Y11: Python 3.9 | Z11: Apache Hudi 0.10.1 | AB11: Y | AC11: AWS | AD11: AWS S3 | AE11: - | AF11: Python | AG11: - | AQ11: O | AR11: O | AW11: O
A12: 9 | C12: 데이터포털 | D12: =A12 -> 9 | E12: [시스템 개요] 데이터레이크에 수집데이터 바탕으로 Web상에서 데이터 분석 하는 시스템 | F12: Appl | I12: C&C | J12: 제조MIS서비스2팀 | K12: 정철우 | L12: 조래옥 | M12: 구본호 | N12: DT팀 | O12: 두상헌 | P12: 민석홍 | U12: 2023 | V12: SI 개발 | W12: typescript/Javascript/html/scss | X12: Angular 13.3.12 | Y12: Javascript / Typescript | Z12: NestJS 11.1.5 | AA12: Node.js 24.4.2 | AB12: Y | AC12: AWS | AD12: Mongo DB 5.0.24 | AE12: - | AF12: Javascript | AG12: 수동 배포 | AP12: 솔루션 유지보수 | AQ12: O | AR12: O
C13: 표준관리시스템 | D13: =A13 -> 0 | E13: [시스템 개요] 데이터레이크에 수집데이터 바탕으로 Web상에서 데이터 분석 하는 시스템` | F13: Appl | I13: C&C | J13: 제조MIS서비스2팀 | K13: 정철우 | L13: 조래옥 | M13: 구본호 | N13: DT팀 | O13: 두상헌 | P13: 민석홍 | U13: 2023 | V13: SI 개발 | W13: Javascript/JSP 2.5 | X13: Ext JS 4.2.1 | Y13: Java 1.8 | Z13: Spring 4.2.6 | AB13: N | AD13: PostgreSQL 17 | AE13: - | AG13: 수동 배포 | AP13: 솔루션 유지보수 | AQ13: O | AR13: O
A14: 10 | C14: 데이터포털 유지보수 | D14: =A14 -> 10 | E14: 솔루션 유지보수 | F14: Appl | V14: N/A | AP14: 솔루션 유지보수 | AQ14: O | AR14: O
A15: 11 | C15: 법무포탈 | D15: =A15 -> 11 | E15: [시스템 개요] 기업법무 분야의 계약, 자문, 인장 업무에 대한 고객사 내 표준 프로세스 및 관리업무를 위한 법무관리시스템 [주요 기능] 1. 계약관리 2. 자문관리 3. 인장날인 관리 4. 전자인증서 관리 | F15: Appl | I15: C&C | J15: 제조MIS서비스2팀 | K15: 정철우 | L15: 조래옥 | M15: 김아현 | N15: DT팀 | O15: 두상헌 | P15: 김햇빛 | U15: 2022 | V15: SI 개발 | W15: Javascript ES5 / JSP 2.3 | X15: jQuery 1.12.4 | Y15: Java 1.8 | Z15: 자체개발 | AB15: Y | AC15: AWS | AD15: MSSQL 2017 | AE15: bitbucket | AF15: Java 1.8 | AG15: Jenkins | AJ15: Datadog | AQ15: O | AR15: O | AS15: O | AT15: O | AU15: O | AV15: O | AX15: O | AZ15: 서비스 Share : 비용분담 X, 과거 데이터 조회용
A16: 12 | C16: 스마트오피스 서비스 | D16: =A16 -> 12 | E16: [시스템 개요] ECO Lab 7층/8층 및 연구동 자율좌석 및 회의실 예약 시스템 [주요 기능] 1. 좌석예약시스템 2. 회의실 예약시스템 | F16: Appl | I16: C&C | J16: 제조MIS서비스2팀 | K16: 정철우 | L16: 조래옥 | M16: 변영운 | N16: DT팀 | O16: 두상헌 | P16: 김햇빛 | U16: 2021 | V16: 솔루션 | W16: Javascript ES6 / JSP 2.3 | X16: jQuery 3.6.0 | Y16: Java 1.8 | Z16: Spring 4.0.9 | AB16: Y | AC16: AWS | AD16: MariaDB | AF16: Java 1.8 | AG16: sftp | AQ16: O | AR16: O | AS16: O | AW16: O
A17: 13 | B17: 기업문화 | C17: ESG Data HUB | D17: =A17 -> 13 | E17: [시스템 개요] 전사 ESG관련 Data 취합 및 관리 [주요 기능] ESG 관련 대시보드 기후 데이터 관리 ESG 일반 데이터 관리 | F17: Appl | I17: C&C | J17: 제조MIS서비스2팀 | K17: 정철우 | L17: 조래옥 | M17: 한준호 | N17: DT팀 | O17: 두상헌 | P17: 김햇빛 | U17: 2023 | V17: 솔루션 | W17: JSP | X17: Bootstrap 4.0 | Y17: Java 1.8 | Z17: 전자정부 | AB17: Y | AC17: AWS | AD17: MSSQL 2017 | AE17: Bitbucket | AF17: Java & JSP | AG17: Jenkins | AQ17: O
A18: 14 | C18: 톡톡 스마트오피스 앱 | D18: =A18 -> 14 | E18: [시스템 개요] 톡톡 모바일 App. Store 의 스마트오피스 App. 을 통하여 마케팅 허브에 Link 된 모바일 시스템 활용할 수 있는 시스템 [주요 기능] 1. 스마트오피스 접속 2. 모바일 톡톡 연동 3. PG 카드수금, 전자증빙 App 연동 등 Native 기능 제공 | F18: Appl | I18: C&C | J18: 제조MIS서비스2팀 | K18: 정철우 | L18: 조래옥 | M18: 정상률 | N18: DT팀 | O18: 두상헌 | P18: 김햇빛 | U18: 2020 | V18: SI 개발 | W18: Android (Kotlin) / IOS (Swift 5) | X18: SDK 29 / Deployment Target 13.0 | Y18: N/A | Z18: N/A | AB18: N | AD18: - | AE18: - | AF18: Android (Kotlin) & IOS (Swift (4)) | AG18: - | AR18: O | AS18: O | AX18: O | AZ18: 서비스 Share : 비용분담 X
A19: 15 | B19: 영업 | C19: CRM (S.Square) | D19: =A19 -> 15 | E19: SK케미칼 서비스 종료 | F19: Appl | I19: C&C | J19: 제조MIS서비스2팀 | K19: 정철우 | L19: 이인 | M19: 박도현 | N19: DT팀 | O19: 두상헌 | P19: 김햇빛 | U19: 2017 | V19: SI 개발 | AB19: Y | AC19: AWS | AD19: MSSQL 2017 | AE19: bitbucket | AF19: C#/.Net 4.5 | AG19: Jenkins | AQ19: O
A20: 16 | C20: EOS G/W | D20: =A20 -> 16 | E20: [시스템 개요] MIS와 EOS 간 인터페이스 업무 처리 시스템 [주요 기능] 1. LS 영업 시스템의 주요 관리 로직 내역 I/F w/ 도매상 EOS Sys. 2. 인사, 부서 마스터 I/F w/ HCM Sys. | F20: Appl | I20: C&C | J20: 제조MIS서비스2팀 | K20: 정철우 | L20: 이인 | M20: 김기정 | N20: DT팀 | O20: 두상헌 | P20: 박상진 | U20: 2020 | V20: SI 개발 | W20: N/A | X20: N/A | Y20: C# 5.0 | Z20: .Net 4.5 | AB20: N | AD20: - | AE20: bitbucket | AF20: .Net 4.5 | AG20: Jenkins | AP20: EOS <-> LS-MIS, 인터페이스 GW (DB는 LS-MIS) | AR20: O | AX20: O | AZ20: 서비스 Share : 비용분담 X
A21: 17 | C21: SIRS | D21: 17 | E21: [시스템 개요] 제품 안정성 관련 제품의 사용 후 보고된 이상사례 정보 공유 관리 시스템 [주요 기능] 1. 제품 안정성 사내 보고 2. PV (Pharmacovigilance - 약물감시) 내부 보고 3. 기준 정보 관리 | F21: Appl | I21: C&C | J21: 제조MIS서비스2팀 | K21: 정철우 | L21: 이인 | M21: 김형일 | N21: DT팀 | O21: 두상헌 | P21: 박상진 | U21: 2021 | V21: SI 개발 | W21: Javascript ES6 / JSP 2.3 | X21: jQuery 3.4.1 | Y21: Java 1.8 | Z21: 전자정부 3.9 / Spring 4.3.22 | AB21: N | AD21: MSSQL 2017 | AE21: bitbucket | AF21: Java 1.8 | AG21: Jenkins | AR21: O
A22: 제외_1 | C22: SKMU 휴폐업 중계서버 | D22: =A22 -> 제외_1 | E22: 솔루션 유지보수(고객사 직계약) | F22: Appl
A23: 제외_2 | C23: SK케미칼 휴폐업 중계서버 | D23: =A23 -> 제외_2 | E23: 솔루션 유지보수(고객사 직계약) | F23: Appl
A24: 18 | C24: 마케팅 허브 G/W | D24: =A24 -> 18 | E24: [시스템 개요] 모바일 시스템들에 접속하기 위한 허브 기능 (각 Site 에 접속하기 위한 Link 제공) [주요 기능] 1. 파마 SFE & Analysis 2. 플라즈마 SFE & Analysis 3. 모바일 MIS 4. 판촉샵 사이트 | F24: Appl | I24: C&C | J24: 제조MIS서비스2팀 | K24: 정철우 | L24: 이인 | M24: 김형일 | N24: DT팀 | O24: 두상헌 | P24: 박상진 | U24: 2020 | V24: SI 개발 | W24: Javascript ES6 / JSP 2.1 | X24: N/A | Y24: Java 1.8 | Z24: Spring 3.1.1 | AB24: Y | AC24: AWS | AD24: - | AE24: bitbucket | AF24: Java1.8 | AG24: Jenkins | AR24: O | AS24: O | AX24: O | AZ24: 서비스 Share : 비용분담 X
A25: 19 | C25: 모바일MIS | D25: =A25 -> 19 | E25: [시스템 개요] MIS 모바일 버전 | F25: Appl | I25: C&C | J25: 제조MIS서비스2팀 | K25: 정철우 | L25: 이인 | M25: 김형일 | N25: DT팀 | O25: 두상헌 | P25: 박상진 | U25: 2020 | V25: SI 개발 | W25: Javascript ES6 / JSP 2.2 | X25: jQuery 1.11.1 Angular 1.2.1 | Y25: Java 1.8 | Z25: 전자정부 2.7.0 / Spring 3.2.18 | AB25: N | AD25: - | AE25: bitbucket | AF25: Java1.8 | AG25: Jenkins | AR25: O
A26: 20 | C26: 엔티스_MIS | D26: =A26 -> 20 | E26: [시스템 개요] 엔티스 내의 회계,자금,마케팅,구매,원가,생산,물류를 관리하는 시스템 [주요기능] 1. 회계관리 2. 자금관리 3. 마케팅관리 4. 구매관리 5. 원가관리 6. 생산관리 7. 물류관리 | F26: Appl | I26: C&C | J26: 제조MIS서비스2팀 | K26: 정철우 | L26: 이인 | M26: 최창길 | N26: DT팀 | O26: 두상헌 | P26: 명진 | U26: 2006 | V26: SI 개발 | W26: VB.Net 2003 | X26: VB.Net Framework 1.1 | Y26: VB.Net 2003 | Z26: VB.Net Framework 1.1 | AB26: N | AD26: Oracle 10g | AF26: VB.Net 2003 | AG26: 수동 | AU26: O
A27: 21 | C27: 임가공포탈 | D27: =A27 -> 21 | E27: [시스템 개요] 임가공 관련한 구매 프로세스 관리 시스템 (GC, LS) [주요 기능] 1. BP (협력사) 관리 2. 구매관리, 입고관리, 납품관리 3. 게시판 관리, 결재관리 | F27: Appl | I27: C&C | J27: Plant서비스팀 | K27: 이동호 | L27: 이용재 | M27: 구본호 | N27: DT팀 | O27: 두상헌 | P27: 명진 | U27: 2020 | V27: SI 개발 | W27: Javascript ES6 / JSP 2.3 | X27: openJDK 1.8 | Y27: Java 1.8 | Z27: 전자정부 3.9 / Spring 4.3.22 | AB27: Y | AC27: AWS | AD27: MSSQL 2017 | AE27: bitbucket | AF27: Java1.8 | AG27: Jenkins | AQ27: O | AR27: O
A28: 22 | C28: 콜센터 | D28: =A28 -> 22 | E28: [시스템 개요] 대표전화로 인입된 고객의 상담정보를 관리하는 시스템. 고객의 문의내용, 이상반응, 제품불량 등의 상담정보를 등록관리 [주요 기능] 1. 고객상담 - 상담정보 등록 2. 상담이력관리 - 상담이력, 불만이력 관리 3. 재통화콜백관리 - 예약통화(재통화) 및 부재중(콜백) 전화이력 관리 4. 소비자제품관리 - 제품정보 확인 및 관리 5. FAQ 관리 - 제품별 FAQ정보 관리 | F28: Appl | I28: C&C | J28: 제조MIS서비스2팀 | K28: 정철우 | L28: 이인 | M28: 김은수 | N28: DT팀 | O28: 두상헌 | P28: 박상진 | U28: 2021 | V28: 솔루션 | W28: Javascript 1.5 / JSP 2.3 / XML 1.0 | X28: jQuery 3.1.1 | Y28: Java 1.8 / XML 1.0 | Z28: Spring 5.2 / homz 5.5.2 | AB28: N | AD28: MSSQL 2019 | AE28: - | AF28: Java1.8 | AG28: - | AR28: O
A29: 23 | C29: 파마 MIS | D29: =A29 -> 23 | E29: [시스템 개요] LS 영업 관리 시스템 [주요 기능] 1. 주문서 관리 2. 수금 관리 3. 채권 관리 / 여신관리 4. 결재 관리 (주문서, 품의서) 5. 처방관리 외 | F29: Appl | I29: C&C | J29: 제조MIS서비스2팀 | K29: 정철우 | L29: 이인 | M29: 정정배/김기정 | N29: DT팀 | O29: 두상헌 | P29: 박상진 | U29: 2015 | V29: SI 개발 | W29: C# 4.0 | X29: .Net 4.0 | Y29: C# 4.0 / 5.0 | Z29: .Net 4.0 / 4.5 | AB29: N | AD29: Oracle 19c | AE29: bitbucket | AF29: .Net 4.0 | AG29: Jenkins | AK29: Y | AR29: O
A30: 24 | C30: 파마 SFE | D30: =A30 -> 24 | E30: [시스템 개요]영업 관리 시스템 (( 활동, 현황, 분석, 일비 ), 품의&보고서, 모바일 MIS 모듈 포함) [시스템 개요] LS 영업사원 지원 관리 시스템 [주요 기능] 1. 거래처 / 고객 관리 2. Call (거래처 방문) 계획 및 실적 관리 3. 수금 관리 (카드결재) 4. 제품 설명회 / 견본품 관리 5. 부서 경비 관리 6. 지출 보고 관리 (견본품 제공, 학술대회 지원, 자문료, 강연료, 기부 외) | F30: Appl | I30: C&C | J30: 제조MIS서비스2팀 | K30: 정철우 | L30: 이인 | M30: 김형일 | N30: DT팀 | O30: 두상헌 | P30: 박상진 | U30: 2015 | V30: SI 개발 | W30: Javascript ES6 / JSP 2.2 | X30: jQuery 1.10.2 Angular 1.2.1 | Y30: Java 1.8 | Z30: 전자정부 2.7.0 / Spring 3.2.18 | AB30: N | AD30: MSSQL 2016 | AE30: bitbucket | AF30: Java1.8 | AG30: Jenkins | AJ30: Datadog | AR30: O
A31: 25 | C31: 플라즈마 SFE | D31: =A31 -> 25 | E31: [시스템 개요] 플라즈마 영업사원 지원 관리 시스템 [주요 기능] 1. 거래처 / 고객 관리 2. Call (거래처 방문) 계획 및 실적 관리 3. 수금 관리 (카드결재) 4. 제품 설명회 / 견본품 관리 5. 부서 경비 관리 6. 지출 보고 관리 (견본품 제공, 학술대회 지원, 자문료, 강연료, 기부 외) | F31: Appl | I31: C&C | J31: 제조MIS서비스2팀 | K31: 정철우 | L31: 이인 | M31: 최용진 | N31: 플라즈마 경영지원실 | O31: - | P31: 임준식 | U31: 2020 | V31: SI 개발 | W31: Javascript ES6 / JSP 2.2 | X31: jQuery 1.10.2 Angular 1.2.1 | Y31: Java 1.8 | Z31: 전자정부 2.7.0 / Spring 3.2.18 | AB31: N | AD31: MSSQL 2016 | AE31: bitbucket | AF31: Java 1.8 | AG31: Jenkins | AJ31: Datadog | AS31: O
A32: 26 | C32: 플라즈마_MIS | D32: =A32 -> 26 | E32: [시스템 개요] 플라즈마 제품 주문서 및 거래처 관리 시스템 [주요기능] 1. 주문관리 2. 매출관리 3. 채권관리 4. 거래처 관리 | F32: Appl | I32: C&C | J32: 제조MIS서비스2팀 | K32: 정철우 | L32: 이인 | M32: 최창길 | N32: 플라즈마 경영지원실 | O32: - | P32: 임준식 | U32: 2014 | V32: SI 개발 | W32: Visual Basic 6.0 | X32: N/A | Y32: Visual Basic 6.0 | Z32: N/A | AB32: N | AD32: Oracle 10g | AF32: Visual Basic 6.0 | AG32: 수동 | AS32: O
A33: 제외_3 | B33: 재무 | C33: SKMU 세금계산서 | D33: =A33 -> 제외_3 | E33: 솔루션 유지보수(고객사 직계약) | F33: Appl
A34: 27 | C34: SK케미칼 매입통합 | D34: =A34 -> 27 | E34: [시스템 개요] 국세청 신고된 전자세금계산서 수취 서비스 [주요 기능] 1. 전체 전자세금계산서 수취 | F34: Appl | I34: C&C | J34: 제조MIS서비스2팀 | K34: 정철우 | L34: 이인 | M34: 윤호정 | N34: DT팀 | O34: 두상헌 | P34: 명진 | U34: 2017 | V34: 솔루션 | W34: N/A | X34: N/A | Y34: C# 5.0 | Z34: .Net 4.5 | AB34: N | AD34: MSSQL 2019 | AE34: - | AF34: .Net 4.5 | AG34: GitLab | AQ34: O | AR34: O
A35: 28 | C35: 내부통제시스템 | D35: =A35 -> 28 | E35: [시스템 개요] 신뢰성 있는 회계 정보의 작성과 공시를 위해 회사가 갖추고 지켜야 할 재무보고에 대한 내부통제 제도이며, 재무제표 오류와 부정비리를 막기 위해 재무보고와 관련된 회사 업무를 관리 통제 하는 내부 통제 시스템 [주요 기능] 1. 스코핑 관리 2. RCM 관리 3. 모집단 관리(랜덤 SAMPLE추출 관리) 4. 증빙 관리 5. 설계/운영평가 관리 6. 위의 내용 전체 이력 관리 (운영실태평가보고서) | F35: Appl | I35: C&C | J35: 제조MIS서비스2팀 | K35: 정철우 | L35: 이인 | M35: 김소영/황영주 | N35: DT팀 | O35: 두상헌 | P35: 명진 | U35: 2021 | V35: 솔루션 | W35: C# 5.0 | X35: .Net 4.5.2 | Y35: C# 5.0 | Z35: .Net 4.5.2 | AB35: Y | AC35: AWS | AD35: MSSQL 2017 | AE35: SVN | AF35: .Net 4.5.2 | AG35: Jenkins | AJ35: Datadog | AQ35: O | AW35: O
A36: 29 | C36: 비용정산 | D36: =A36 -> 29 | E36: [시스템 개요] 법인카드, 출장비, 기타전표, 세금계산서 관련 지출결의 시스템 (GC, MU, LS) [주요 기능] 1. 법인카드/출장비 처리 2. 판매/재무 전표 처리 및 승인 관리 3. 기타 전표 관리 (SAP 기표 임시전표 관리, SFE MR 일비 관리) 4. 전자증빙 시스템 연계 기능 | F36: Appl | I36: C&C | J36: 제조MIS서비스2팀 | K36: 정철우 | L36: 이인 | M36: 김민준 | N36: DT팀 | O36: 두상헌 | P36: 명진 | U36: 2019 | V36: SI 개발 | W36: Javascript ES6 / JSP 2.3 | X36: jQuery 1.12.3 | Y36: Java 1.8 | Z36: 전자정부 3.7.0 | AB36: Y | AC36: AWS | AD36: MSSQL 2017 | AE36: bitbucket | AF36: Java 1.8 | AG36: Jenkins | AJ36: Datadog | AK36: Y | AQ36: O | AR36: O | AT36: O | AW36: O
A37: 30 | C37: 비용정산 파투아 | D37: =A37 -> 30 | E37: [시스템 개요] 카드사로부터 법인카드 데이터 수신 Agent [주요 기능] 1. 카드사 법인카드 사용 내역 I/F 2. 해당 내역을 비용정산 Sys. 과 I/F | F37: Appl | I37: C&C | J37: 제조MIS서비스2팀 | K37: 정철우 | L37: 이인 | M37: 박우선 | N37: DT팀 | O37: 두상헌 | P37: 명진 | U37: 2019 | V37: 솔루션 | W37: N/A | X37: N/A | Y37: Java 1.8 / C++ 6.0 | Z37: 자체개발 | AB37: Y | AC37: AWS | AD37: MSSQL 2017 | AE37: - | AF37: Java 1.8, .Net Framework 4.5 | AG37: sftp | AQ37: O | AR37: O | AT37: O | AW37: O | AX37: O | AZ37: 서비스 Share : 비용분담 X
A38: 31 | C38: 비용정산(전자증빙) | D38: =A38 -> 31 | E38: [시스템 개요] 회계전표에 대한 증빙 관리 시스템 [주요기능] 1. 증빙 등록 및 조회 2. 세금계산서 / 법인카드등 양식 생성 3. 모바일 증빙 등록 / 조회 | F38: Appl | I38: C&C | J38: 제조MIS서비스2팀 | K38: 정철우 | L38: 이인 | M38: 이상민 | N38: DT팀 | O38: 두상헌 | P38: 명진 | U38: 2020 | V38: 솔루션 | W38: Javascript 1.5 / JSP 2.3 / VC++ 2013 | X38: jQuery 1.11.3 / JDK 1.8 / MFC 2013 | Y38: Java 1.8 | Z38: N/A | AB38: Y | AC38: AWS | AD38: MSSQL 2017 | AE38: Git | AF38: Java 1.8, Visual Studio 2013 | AG38: - | AQ38: O | AR38: O | AT38: O | AW38: O | AX38: O | AZ38: 서비스 Share : 비용분담 X
A39: 32 | C39: 전자세금계산서 | D39: =A39 -> 32 | E39: [시스템 개요] 전자세금계산서 프로세스 관리 시스템 [주요 기능] 1. 매입/매출 세금계산서 조회 2. 세금계산서 데이터 국세청 전송 관리 3. 매출처, 매입처 기준 통계 데이터 제공 기능 | F39: Appl | I39: C&C | J39: 제조MIS서비스2팀 | K39: 정철우 | L39: 이인 | M39: 김학준/이기석 | N39: DT팀 | O39: 두상헌 | P39: 명진 | U39: 2019 | V39: 솔루션 | W39: Javascript ES2020 / JSP 2.3 | X39: jQuery 1.12 | Y39: Java 1.8 | Z39: 전자정부 4.2 | AB39: Y | AC39: AWS | AD39: MSSQL 2017 | AE39: bitbucket | AF39: Java 1.8 | AG39: Jenkins | AJ39: Datadog | AQ39: O | AR39: O | AT39: O | AU39: O | AV39: O
A40: 33 | B40: R&D | C40: MSDS 서비스 | D40: =A40 -> 33 | E40: [시스템 개요] SK케미칼(GC), 엔티스, SK케미칼 대정의 제품 MSDS문서 작성 및 유지관리 시스템 1. MSDS 작성 및 발행 2. 산업안전보건법 이행대상 관리 3. 화학물질 DB (화학물질의 국내외 규제 확인 기능) 4. 국내외 규제 daily 업데이트 | F40: Appl | I40: C&C | J40: Plant서비스팀 | K40: 이동호 | L40: 이용재 | M40: 우은정 | N40: DT팀 | O40: 두상헌 | P40: 김햇빛 | U40: 2023 | V40: 솔루션 | W40: JSP 2.3 | X40: jQuery 3.3.1 | Y40: Java 1.8 | Z40: Spring 5.1.9 | AB40: Y | AC40: AWS | AD40: MSSQL 2017 | AE40: Bitbucket | AF40: Java 1.8 | AG40: Jenkins | AQ40: O | AU40: O | AV40: O
A41: 34 | C41: 디테일링서비스 | D41: =A41 -> 34 | E41: SK케미칼 서비스 종료, BS만 단독 사용 | F41: Appl | I41: C&C | J41: 제조MIS서비스2팀 | K41: 정철우 | L41: 이인 | M41: 최용진 | N41: DT팀 | O41: 두상헌 | P41: 김햇빛 | U41: 2013 | AB41: N | AD41: MSSQL 2008 | AE41: bitbucket | AF41: C#/.Net 4.0 | AG41: Jenkins
A42: 35 | C42: 특허관리시스템 | D42: =A42 -> 35 | E42: [시스템 개요] 특허, 상표 등 지식재산권의 발굴-출원-등록-사후관리를 통합 관리하는 시스템 [주요 기능] 1. Workflow 기반의 지재권 통합 관리 2. 지재권 비용 관리 3. 특허사무소 Online 연계 | F42: Appl | I42: C&C | J42: Plant서비스팀 | K42: 이동호 | L42: 이용재 | M42: 이대현 | N42: DT팀 | O42: 두상헌 | P42: 김햇빛 | U42: 2019 | V42: 솔루션 | W42: Javascript / JSP | X42: jQuery 1.1 | Y42: Java 1.8 | Z42: 자체개발 | AB42: Y | AC42: AWS | AD42: MSSQL 2017 | AE42: bitbucket | AF42: Java 1.8 | AG42: Jenkins | AJ42: Datadog | AQ42: O | AR42: O | AS42: O
A43: 36 | C43: 화학연구소 CMS | D43: =A43 -> 36 | E43: [시스템 개요] 화학물질(시약, 위험물 등)의 구매/입고/사용/폐기까지 전주기(재고)를 시스템으로 관리하며, 관련된 규제DB를 연동하여 취급물질의 법규 대응과 재고관리를 가능하게 해주는 시스템 [주요 기능] 1. 연구실관리 2. 규제검토 3. 화학물질 관리 4. 폐기관리 | F43: Appl | I43: C&C | J43: Plant서비스팀 | K43: 이동호 | L43: 이용재 | M43: 한만석 | N43: DT팀 | O43: 두상헌 | P43: 김햇빛 | U43: 2021 | V43: SI 개발 | W43: JSP 2.3 | X43: jQuery 1.8.3 | Y43: Java 1.8 | Z43: 전자정부 3.5 | AB43: N | AD43: MSSQL 2019 | AE43: Git | AF43: Java 1.8 | AG43: SFTP | AQ43: O | AR43: O
A44: 37 | C44: 화학연구소 RPMS | D44: =A44 -> 37 | E44: [시스템 개요] GC 연구소에서 활용 중인 과제 관리 시스템 [주요 기능] 1. 과제 프로젝트 일정 관리, 이슈관리, 생산 이관 관리 (과제 수행 내역) 2. 산출물 관리 3. 분석 의뢰 및 결과 관리 4. 성형가공 lab 기기, 중합 Pilot 배대 관리 | F44: Appl | I44: C&C | J44: Plant서비스팀 | K44: 이동호 | L44: 이용재 | M44: 유민아 | N44: DT팀 | O44: 두상헌 | P44: 김햇빛 | U44: 2021 | V44: 솔루션 | W44: Javascript 1.5 | X44: Dojo 1.9.8 | Y44: C# 5.0 | Z44: .Net 4.5 | AB44: Y | AC44: AWS | AD44: MSSQL 2017 | AE44: PackageImportExport | AF44: .Net 4.5 | AG44: PackageImportExport | AJ44: Datadog | AQ44: O | AU44: O | AX44: O | AY44: 0.5:0.5 | AZ44: 인력 Share : 유민아 M
A45: 38 | C45: 화학연구소 RPMS 유지보수 | D45: =A45 -> 38 | E45: 솔루션 유지보수 | F45: Appl | V45: N/A
A46: 39 | B46: SHE | C46: 안동 SHE | D46: =A46 -> 39 | E46: [시스템 개요] 플라즈마의 안전, 보건, 환경 관리 시스템 [주요 기능] 1. 안전 - 변경관리, 사고관리, 안전점검, 작업허가서 관리 외 2. 보건 - 근골격계 관리, 보건 상탐, 보호구 관리 외 3. 환경 - 인허가, 환경영향평가 | F46: Appl | I46: C&C | J46: Plant서비스팀 | K46: 이동호 | L46: 이용재 | M46: 이재영 | N46: 플라즈마 경영지원실 | O46: - | P46: 임준식 | U46: 2021 | V46: SI 개발 | W46: Javascript ES8(ES2017) | X46: Vue 2.6.14 | Y46: Java 1.8 | Z46: Spring Boot 2.1.1 / Spring 5.1.3 | AA46: Node.js 22.19.0 / MyBatis 3.5.11 | AB46: N | AD46: MSSQL 2017 | AE46: bitbucket | AF46: Vue.js 2.6, Java 1.8 | AG46: Jenkins | AS46: O
A47: 40 | C47: 청주 SHE | D47: =A47 -> 40 | E47: [시스템 개요] LS의 안전, 보건, 환경 관리 시스템 [주요 기능] 1. 안전 - 변경관리, 사고관리, 안전점검, 작업허가서 관리 외 2. 보건 - 근골격계 관리, 보건 상탐, 보호구 관리 외 3. 환경 - 인허가, 환경영향평가 | F47: Appl | I47: C&C | J47: Plant서비스팀 | K47: 이동호 | L47: 이용재 | M47: 이재영 | N47: DT팀 | O47: 두상헌 | P47: 박상진 | U47: 2023 | V47: SI 개발 | W47: Javascript ES8(ES2017) | X47: Vue 2.6.14 | Y47: Java 1.8 | Z47: Spring Boot 2.1.1 / Spring 5.1.3 | AA47: Node.js 22.19.0 / MyBatis 3.5.11 | AB47: N | AD47: MSSQL 2017 | AE47: bitbucket | AF47: Vue.js 2.6, Java 1.8 | AG47: Jenkins | AR47: O
A48: 41 | B48: 생산 | C48: SCM | D48: =A48 -> 41 | E48: [시스템 개요] 케미컬 GC 사업부의 Supply Chain Management 시스템 [주요 기능] 1. 판매 계획 입력 및 관리 2. 재고 정책 관리 및 타 제약 조건에 대한 마스터 관리 3. 생산 필요량 산출 및 생산 계획 조정 / 확정, 자재 소요량 산출 | F48: Appl | I48: C&C | J48: Plant서비스팀 | K48: 이동호 | L48: 이용재 | M48: 최봉진 | N48: DT팀 | O48: 두상헌 | P48: 명진 | U48: 2025 | V48: 솔루션 | W48: Javascript ES6+ | X48: React 18.2.0 | Y48: Java 17 | Z48: Spring Boot 2.5.14 | AA48: Node.js 14.21.3 | AB48: N | AD48: MSSQL 2019 | AE48: bitbucket | AF48: Java 17 | AG48: Jenkins | AJ48: Datadog | AQ48: O
A49: 42 | C49: SCM 유지보수 | D49: =A49 -> 42 | E49: 솔루션 유지보수 | F49: Appl | V49: N/A
A50: 43 | B50: 품질 | C50: 엔티스 LIMS | D50: =A50 -> 43 | E50: [시스템 개요] 엔티스 시험 정보 관리 시스템 [주요 기능] 1. 시험의뢰 및 시험내역 관리 2. 시험 결과 판정 관리 3. 시험 성적서 출력 외 | F50: Appl | I50: C&C | J50: Plant서비스팀 | K50: 이동호 | L50: 이용재 | M50: 최창길/김기정 | N50: DT팀 | O50: 두상헌 | P50: 명진 | U50: 2016 | V50: SI 개발 | W50: C# 3.0 | X50: .Net 3.5 | Y50: C# 3.0 | Z50: .Net 3.5 | AB50: N | AD50: MSSQL 2008 | AE50: bitbucket | AF50: .Net 3.5 | AG50: 수동 | AU50: O
A51: 44 | C51: 파마 LIMS | D51: =A51 -> 44 | E51: [시스템 개요] LS 시험 정보 관리 시스템 (구 LIMS 이며, 2024 상반기에 신 LIMS 로 대체 예정임) [주요 기능] 1. 시험의뢰 및 시험내역 관리 2. 시험 결과 판정 관리 3. 시험 성적서 출력 외 | F51: Appl | I51: C&C | J51: Plant서비스팀 | K51: 이동호 | L51: 이용재 | M51: 최창길/김기정 | N51: DT팀 | O51: 두상헌 | P51: 박상진 | U51: 2012 | V51: SI 개발 | W51: C# 3.0 | X51: .Net 3.5 | Y51: C# 3.0 | Z51: .Net 3.5 | AB51: N | AD51: Oracle 10g | AE51: bitbucket | AF51: .Net 3.5 | AG51: Jenkins | AP51: (구)데이터 조회용 | AR51: O
A52: 45 | C52: 플라즈마 LIMS | D52: =A52 -> 45 | E52: [시스템 개요] 플라즈마 시험 정보 관리 시스템 [주요 기능] 1. 시험의뢰 및 시험내역 관리 2. 시험 결과 판정 관리 3. 시험 성적서 출력 외 | F52: Appl | I52: C&C | J52: Plant서비스팀 | K52: 이동호 | L52: 이용재 | M52: 최창길/김기정 | N52: 플라즈마 경영지원실 | O52: - | P52: 임준식 | U52: 2015 | V52: SI 개발 | W52: C# 3.0 | X52: .Net 3.5 | Y52: C# 3.0 | Z52: .Net 3.5 | AB52: N | AD52: Oracle 10g | AE52: bitbucket | AF52: .Net 3.5 | AG52: Jenkins | AS52: O
A53: 46 | B53: 구매 | C53: EDI | D53: =A53 -> 46 | E53: [시스템 개요] 외환 및 상역 업무용 표준전자 문서를 작성하고 관련 거래상대방과 EDI송수신 등의 기능을 제공하는 웹서비스 [주요 기능] 1. 신용장 신청 및 수취 2. 은행 외환 업무 등 유관기관과의 업무 | F53: Appl | I53: C&C | J53: Plant서비스팀 | K53: 이동호 | L53: 이용재 | M53: 최슬기 | N53: DT팀 | O53: 두상헌 | P53: 명진 | U53: 2011 | V53: 솔루션 | W53: Javascript ES6 | X53: jQuery 1.3.2 | Y53: ASP 3.0 | Z53: N/A | AB53: N | AD53: MSSQL 2008 | AE53: - | AF53: ASP | AG53: - | AQ53: O | AR53: O | AT53: O | AW53: O | AX53: O | AZ53: 서비스 Share : 비용분담 X
A54: 47 | C54: SKYSCM | D54: =A54 -> 47 | E54: [시스템 개요] LS 해외사업팀에서 사용하는 문서관리 시스템 (실제 SCM 관리 기능은 전혀 없음) [주요 기능] 1. PO & Batch 관련 문서 관리 2. 각 문서들에 대한 Upload / Download 기능 | F54: Appl | I54: C&C | J54: Plant서비스팀 | K54: 이동호 | L54: 이용재 | M54: 정정배 | N54: DT팀 | O54: 두상헌 | P54: 명진 | U54: 2015 | V54: SI 개발 | W54: C# 5.0 / Javascript ES6 | X54: .Net 4.5 / bootsterap.js (v3.3.1) / jqgrid.js (v4.6.0) / jquery.js (v1.10.2) / jquery-ui.js(v1.10.2) / underscore.js (v1.7.0) | Y54: C# 5.0 | Z54: .Net 4.5 | AB54: N | AD54: MSSQL 2017 | AE54: bitbucket | AF54: .Net 4.8 | AG54: Jenkins | AR54: O
A55: 48 | C55: 구매포탈 | D55: =A55 -> 48 | E55: [시스템 개요] 자재설비, 수선공사 구매 프로세스 관리 시스템 (GC, LS, MU) [주요 기능] 1. BP (협력사) 관리 2. 단가관리, 구매의뢰 접수, 발주 관리 3. 계약관리, 입고/정산 관리 | F55: Appl | I55: C&C | J55: Plant서비스팀 | K55: 이동호 | L55: 이용재 | M55: 박정현 | N55: DT팀 | O55: 두상헌 | P55: 명진 | U55: 2020 | V55: SI 개발 | W55: Javascript ES6 / JSP 2.3 | X55: openJDK 1.8 | Y55: Java 1.8 | Z55: 전자정부 3.9 / Spring 4.3.22 | AB55: Y | AC55: AWS | AD55: MSSQL 2017 | AE55: bitbucket | AF55: Java 1.8 | AG55: Jenkins | AJ55: Datadog | AK55: Y | AQ55: O | AR55: O | AT55: O
A56: 49 | B56: ERP | C56: SAP | D56: =A56 -> 49 | E56: FI/CO/QM/PP/SD/펌뱅킹/수출입/자금관리 모듈 사용 | F56: Appl | I56: C&C | J56: ERP사업개발2팀 | K56: 이승현 | L56: 오성민 | M56: 김광원 외 13명 | N56: DT팀 | O56: 두상헌 | P56: 명진 | V56: 솔루션 | W56: ABAP | X56: ABAP | Y56: ABAP | Z56: ABAP | AB56: N | AD56: Oracle 19C | AE56: - | AF56: ABAP | AG56: CTS | AK56: Y | AQ56: O | AR56: O | AT56: O | AW56: O | AX56: O | AZ56: 서비스 Share : 비용분담 X, 과거 데이터 조회용
A57: 50 | C57: PO | D57: =A57 -> 50 | E57: SAP과 LEGACY 시스템간 인터페이스 | F57: Appl | I57: C&C | J57: ERP사업개발2팀 | K57: 이승현 | L57: 오성민 | M57: 백새롬 외 2명 | N57: DT팀 | O57: 두상헌 | P57: 명진 | V57: 솔루션 | W57: ABAP | X57: ABAP | Y57: ABAP | Z57: ABAP | AB57: N | AD57: Oracle 19C | AE57: - | AF57: ABAP | AG57: CTS | AK57: Y | AQ57: O | AR57: O | AT57: O | AW57: O | AX57: O | AY57: 0.5902:0.4098 | AZ57: 인력 Share : K-SOX, 박나리 M
A58: 51 | C58: SAP Solman | D58: =A58 -> 51 | E58: SAP Solman | F58: Appl | I58: C&C | J58: ERP사업개발2팀 | K58: 이승현 | L58: 오성민 | M58: 안용주 외 2명 | N58: DT팀 | O58: 두상헌 | P58: 명진 | V58: 솔루션 | W58: ABAP | X58: ABAP | Y58: ABAP | Z58: ABAP | AB58: N | AD58: MAX DB | AE58: - | AF58: ABAP | AG58: - | AK58: Y | AQ58: O | AR58: O | AT58: O | AW58: O
A59: 52 | B59: M365 | C59: M365 | D59: =A59 -> 52 | F59: Appl | I59: C&C | J59: Digital Workplace서비스2팀 | K59: 정연 | L59: 홍원기 | M59: she | N59: DT팀 | O59: 두상헌 | P59: 김햇빛 | V59: 솔루션 | W59: Javascript / Typescript | X59: React (Fluent UI), SPFx | Y59: C# | Z59: .Net Core | AB59: N | AQ59: O | AR59: O | AS59: O | AT59: O | AU59: O | AV59: O | AW59: O
A60: 53 | B60: G/W | C60: 그룹웨어 SKYNET_전사_공통 | D60: =A60 -> 53 | E60: [시스템 개요] SK 케미컬의 Portal 시스템으로 전자결재, 게시판 외 기업 문화 관련 서비스 제공 [주요 기능] 1. Portal 기능 (케미컬에서 사용 중인 시스템들 접속 Link 제공을 통한 관문 시스템) 2. 전자결재, 게시판 관리 3. 플라즈마 이상 사례 프로세스 관리 4. RED (Review Sys. Of Advertisement) 프로세스 관리 (LS, 플라즈마, BS) | F60: Appl | I60: C&C | J60: Digital Workplace서비스2팀 | K60: 정연 | L60: 이보람 | M60: 김영선/고현종 | N60: DT팀 | O60: 두상헌 | P60: 김햇빛 | U60: 2019 | V60: 솔루션 | W60: Javascript ES2025 | X60: jQuery 1.8.3 / Lotus Domino V10 | Y60: LotusScript 10 / Java 1.8 / Fomular 10 | Z60: Lotus Domino V10 | AB60: N | AD60: Notes Database (ODS53) | AE60: Domino Designer 10 | AF60: Formula 10, LotusScript 10, Java 1.8 | AG60: Domino Designer 10 | AP60: MS Azure SSO 인증 변경 완료(2025.09.29) | AQ60: O | AR60: O | AS60: O | AT60: O | AU60: O | AV60: O | AW60: O | AX60: O | AZ60: 서비스 Share : 비용분담 X
A61: 54 | C61: SKYNet RED | D61: =A61 -> 54 | E61: [시스템 개요] 제품에 대한 광고, 홍보가 필요할 때 마케팅이나, 법무검토가 필요한 경우 사용하는 리뷰 시스템 | F61: Appl | I61: C&C | J61: Digital Workplace서비스2팀 | K61: 정연 | L61: 이보람 | M61: 김영선/고현종 | N61: DT팀 | O61: 두상헌 | P61: 김햇빛 | U61: 2014 | V61: 솔루션 | W61: Javascript ES2025 | X61: jQuery 1.8.3 / Lotus Domino V10 | Y61: LotusScript 10 / Java 1.8 / Fomular 10 | Z61: Lotus Domino V10 | AB61: N | AD61: Notes Database (ODS53) | AE61: Domino Designer 10 | AF61: Formula 10, LotusScript 10, Java 1.8 | AG61: Domino Designer 10 | AP61: 현업부서 신규 솔루션 검토중 ( 의약정보팀 ) | AR61: O | AS61: O | AX61: O | AZ61: 서비스 Share : 비용분담 X
A62: 55 | C62: SKYNet 불만처리시스템 | D62: =A62 -> 55 | E62: [시스템 개요] 제품에 대한 광고, 홍보가 필요할 때 마케팅이나, 법무검토가 필요한 경우 사용하는 리뷰 시스템 | F62: Appl | I62: C&C | J62: Digital Workplace서비스2팀 | K62: 정연 | L62: 이보람 | M62: 김영선/고현종 | N62: DT팀 | O62: 두상헌 | P62: 김햇빛 | U62: 2012 | V62: 솔루션 | W62: Javascript ES2025 | X62: jQuery 1.8.3 / Lotus Domino V10 | Y62: LotusScript 10 / Java 1.8 / Fomular 10 | Z62: Lotus Domino V10 | AB62: N | AD62: Notes Database (ODS53) | AE62: Domino Designer 10 | AF62: Formula 10, LotusScript 10, Java 1.8 | AG62: Domino Designer 10 | AP62: 협업부서 신규 솔루션 검토중 ( 의약정보팀 ) | AR62: O | AS62: O | AX62: O | AZ62: 서비스 Share : 비용분담 X

Sheet 인프라 정보
H2: On-Premise/AWS | I2: DMZ/Server Farm | J2: WEB/CS/Mobile/기타
A3: No. | C3: 담당자 | H3: WEB/WAS | U3: DB | AB3: 비고
B4: 시스템명 | C4: DT팀 | D4: 통합ITO | E4: 협력 | F4: 사용여부 | G4: 개발/운영 | H4: 인프라 구분 | I4: 네트웍 구분 | J4: 플랫폼 구분 | K4: WEB | L4: WAS | M4: Hostname | N4: IP | O4: Port | P4: OS | Q4: URL | R4: 위치 | S4: SSL 도메인 | T4: 인증서 포맷 | U4: DB Hostname | V4: DB IP | W4: DB Port | X4: DB명 | Y4: DBMS | Z4: DB Size (GB, 26/1/2 조사) | AA4: DB암호화 | AB4: 비고1 | AC4: 비고2
A5: =VLOOKUP(B5,'서비스 Master'!$C$4:$D$62,2,FALSE) -> 1 | B5: HR G/W HCM G/W | C5: =VLOOKUP(B5,'서비스 Master'!$C$4:$P$62,14,FALSE) -> 김햇빛 | D5: =VLOOKUP(B5,'서비스 Master'!$C$4:$P$62,10,FALSE) -> 조래옥 | E5: =VLOOKUP(B5,'서비스 Master'!$C$4:$P$62,11,FALSE) -> 유원혁 | F5: Y | G5: 운영 | H5: On-Premise | I5: DMZ | J5: WEB | K5: IIS 10 | M5: C01VP-OCE-WEB1 | N5: 168.154.172.167 | O5: 443 | P5: Windows Server 2016 Standard | Q5: https://apigw.skchemicals.com | R5: 본사 | S5: *.skchemicals.com | T5: PFX | U5: C01VP-IDB-DB | V5: 10.247.243.23 | W5: 51433 | X5: EHRGW | Y5: MSSQL 2019 | Z5: 177.2 | AA5: TDE | AB5: 세일즈포스 OCE 연동 Gateway | AC5: 연결 DB정보 확인 필요 : C01VP-IDB-DB1(A), C01VP-IDB-DB2(S)
A6: =VLOOKUP(B6,'서비스 Master'!$C$4:$D$62,2,FALSE) -> 1 | B6: HR G/W HCM G/W | C6: =VLOOKUP(B6,'서비스 Master'!$C$4:$P$62,14,FALSE) -> 김햇빛 | D6: =VLOOKUP(B6,'서비스 Master'!$C$4:$P$62,10,FALSE) -> 조래옥 | E6: =VLOOKUP(B6,'서비스 Master'!$C$4:$P$62,11,FALSE) -> 유원혁 | F6: Y | G6: 개발 | H6: On-Premise | I6: Server Farm | J6: WEB | K6: IIS 10 | M6: C01VD-OCE-WEB1 | N6: 10.247.246.13 | O6: 443 | P6: Windows Server 2016 Standard | Q6: https://dev-apigw.skchemicals.com | R6: 본사 | S6: *.skchemicals.com | T6: PFX | U6: C01VD-IDB-DB1 | V6: 10.247.246.27 | W6: 51433 | X6: EHRGW | Y6: MSSQL 2019 | Z6: 0 | AA6: TDE
A7: =VLOOKUP(B7,'서비스 Master'!$C$4:$D$62,2,FALSE) -> 2 | B7: MDM 시스템 | C7: =VLOOKUP(B7,'서비스 Master'!$C$4:$P$62,14,FALSE) -> 유현상 | D7: =VLOOKUP(B7,'서비스 Master'!$C$4:$P$62,10,FALSE) -> 이용재 | E7: =VLOOKUP(B7,'서비스 Master'!$C$4:$P$62,11,FALSE) -> 민준홍 | F7: Y | G7: 운영 | H7: AWS | J7: WEB | L7: Tomcat 9.0.91 | M7: C31CP-MDM-AP1 | N7: 10.247.220.14 | O7: 3389 | P7: Windows Server 2019 Standard | Q7: https://mdm.skchemicals.com/ | S7: *.skchemicals.com | T7: JKS | U7: C31CP-MDIS-DB2 | V7: 10.247.220.149 | W7: 51433 | X7: MDM | Y7: MSSQL 2017 | Z7: 63.8
A8: =VLOOKUP(B8,'서비스 Master'!$C$4:$D$62,2,FALSE) -> 2 | B8: MDM 시스템 | C8: =VLOOKUP(B8,'서비스 Master'!$C$4:$P$62,14,FALSE) -> 유현상 | D8: =VLOOKUP(B8,'서비스 Master'!$C$4:$P$62,10,FALSE) -> 이용재 | E8: =VLOOKUP(B8,'서비스 Master'!$C$4:$P$62,11,FALSE) -> 민준홍 | F8: Y | G8: 운영 | H8: AWS | J8: WEB | L8: Tomcat 9.0.91 | M8: C31CP-MDM-AP2 | N8: 10.247.220.114 | O8: 3389 | P8: Windows Server 2019 Standard | Q8: https://mdm.skchemicals.com/ | U8: C31CP-MDIS-DB2 | V8: 10.247.220.149 | W8: 51433 | X8: MDM | Y8: MSSQL 2017 | Z8: 63.8 | AC8: SSL 인증서 설치 여부 확인 필요
A9: =VLOOKUP(B9,'서비스 Master'!$C$4:$D$62,2,FALSE) -> 2 | B9: MDM 시스템 | C9: =VLOOKUP(B9,'서비스 Master'!$C$4:$P$62,14,FALSE) -> 유현상 | D9: =VLOOKUP(B9,'서비스 Master'!$C$4:$P$62,10,FALSE) -> 이용재 | E9: =VLOOKUP(B9,'서비스 Master'!$C$4:$P$62,11,FALSE) -> 민준홍 | F9: Y | G9: 운영 | H9: AWS | J9: Mobile | K9: Apache 2.4.51 | L9: Tomcat 9.0.91 | M9: C31CP-MDM-AP3 | N9: 10.247.220.16 | O9: 3389 | P9: Windows Server 2019 Standard | Q9: https://m-mdm.skchemicals.com/ | U9: C31CP-MDIS-DB2 | V9: 10.247.220.149 | W9: 51433 | X9: MDM | Y9: MSSQL 2017 | Z9: 63.8 | AB9: MDM 모바일 서비스 제공 | AC9: SSL 인증서 설치 여부 확인 필요
A10: =VLOOKUP(B10,'서비스 Master'!$C$4:$D$62,2,FALSE) -> 2 | B10: MDM 시스템 | C10: =VLOOKUP(B10,'서비스 Master'!$C$4:$P$62,14,FALSE) -> 유현상 | D10: =VLOOKUP(B10,'서비스 Master'!$C$4:$P$62,10,FALSE) -> 이용재 | E10: =VLOOKUP(B10,'서비스 Master'!$C$4:$P$62,11,FALSE) -> 민준홍 | F10: Y | G10: 개발 | H10: AWS | J10: WEB | L10: Tomcat 9.0.91 | M10: C31CD-MDM-AP1 | N10: 10.247.216.14 | O10: 53389 | P10: Windows Server 2019 Standard | Q10: https://mdm-dev.skchemicals.com/ | S10: *.skchemicals.com | T10: JKS | U10: C31CD-MDIS-DB1 | V10: 10.247.216.152 | W10: 51433 | X10: MDM_DEV | Y10: MSSQL 2017 | Z10: 41.2
A11: =VLOOKUP(B11,'서비스 Master'!$C$4:$D$62,2,FALSE) -> 5 | B11: RPA | C11: =VLOOKUP(B11,'서비스 Master'!$C$4:$P$62,14,FALSE) -> 김햇빛 | D11: =VLOOKUP(B11,'서비스 Master'!$C$4:$P$62,10,FALSE) -> 이인 | E11: =VLOOKUP(B11,'서비스 Master'!$C$4:$P$62,11,FALSE) -> 김건휘 | F11: Y | G11: 운영 | H11: AWS | J11: 기타 | M11: C33CP-RPA-AP1 | N11: 10.247.222.15 | P11: Windows Server 2019 Datacenter (64-bit) | Q11: https://rpa.skchemicals.com/ | S11: *.skchemicals.com | T11: PEM | U11: C31CP-MDIS-DB2 | V11: 10.247.220.149 | W11: 51433 | X11: RPA | Y11: MSSQL 2017 | Z11: 8.1 | AB11: 운영(통합 EC2 DB)
A12: =VLOOKUP(B12,'서비스 Master'!$C$4:$D$62,2,FALSE) -> 5 | B12: RPA | C12: =VLOOKUP(B12,'서비스 Master'!$C$4:$P$62,14,FALSE) -> 김햇빛 | D12: =VLOOKUP(B12,'서비스 Master'!$C$4:$P$62,10,FALSE) -> 이인 | E12: =VLOOKUP(B12,'서비스 Master'!$C$4:$P$62,11,FALSE) -> 김건휘 | F12: Y | G12: 개발 | H12: AWS | J12: 기타 | M12: C33CD-RPA-AP1 | N12: 10.247.217.15 | P12: Windows Server 2019 Datacenter (64-bit) | Q12: https://rpa-cd.skchemicals.com/ | S12: *.skchemicals.com | T12: PEM | U12: C31CD-MDIS-DB1 | V12: 10.247.216.152 | W12: 51433 | X12: RPA | Y12: MSSQL 2017 | Z12: 7.7 | AB12: 개발
A13: =VLOOKUP(B13,'서비스 Master'!$C$4:$D$62,2,FALSE) -> 7 | B13: 구)e-HR | C13: =VLOOKUP(B13,'서비스 Master'!$C$4:$P$62,14,FALSE) -> 김햇빛 | D13: =VLOOKUP(B13,'서비스 Master'!$C$4:$P$62,10,FALSE) -> 조래옥 | E13: =VLOOKUP(B13,'서비스 Master'!$C$4:$P$62,11,FALSE) -> 정정배/김기정 | F13: Y | G13: 운영 | H13: On-Premise | J13: WEB | K13: Httpd.exe (resin 3.0) | L13: Httpd.exe (resin 3.0) | M13: C01VP-EHR-AP1 | N13: 10.247.241.58 | O13: 80 | P13: Windows Server 2003 Standard (32-bit) | Q13: http://ehris.skchemicals.com | R13: 본사 | S13: *.skchemicals.com | T13: 비대상 | U13: E01VP-HRMIS-DB1 | V13: 10.247.241.151 | W13: 1521 | Y13: Oracle 10g | Z13: 22.5 | AB13: 5/11 or 5/18 10.247.243.53로 변경(대덕->판교로 이전) | AC13: 정보 확인 필요
A14: =VLOOKUP(B14,'서비스 Master'!$C$4:$D$62,2,FALSE) -> 8 | B14: 데이터레이크 | C14: =VLOOKUP(B14,'서비스 Master'!$C$4:$P$62,14,FALSE) -> 민석홍 | D14: =VLOOKUP(B14,'서비스 Master'!$C$4:$P$62,10,FALSE) -> 조래옥 | E14: =VLOOKUP(B14,'서비스 Master'!$C$4:$P$62,11,FALSE) -> 경규민 | F14: Y | G14: 운영 | H14: AWS | J14: WEB | S14: *.skchemicals.com | T14: 비대상 | AB14: 저장공간은 AWS S3 | AC14: 정보 확인 필요
A15: =VLOOKUP(B15,'서비스 Master'!$C$4:$D$62,2,FALSE) -> #N/A | B15: 데이터포털_태블로 | C15: 민석홍 | E15: 임정섭 | F15: Y | G15: 운영 | H15: On-Premise | I15: Server Farm | K15: Apache | M15: C01VP-TBL-AP1 | N15: 10.247.241.118 | O15: 443 | P15: Windows Server 2019 Standard | R15: 본사 | U15: C01VP-TBL-AP1 | V15: 10.247.241.118 | Y15: PostgreSQL | AB15: 데이터포털에서 연동하는 정보 태블로 삭제 필요, AP/DB서버 | AC15: Non-ITO
A16: =VLOOKUP(B16,'서비스 Master'!$C$4:$D$62,2,FALSE) -> 9 | B16: 데이터포털 | C16: =VLOOKUP(B16,'서비스 Master'!$C$4:$P$62,14,FALSE) -> 민석홍 | D16: =VLOOKUP(B16,'서비스 Master'!$C$4:$P$62,10,FALSE) -> 조래옥 | E16: =VLOOKUP(B16,'서비스 Master'!$C$4:$P$62,11,FALSE) -> 구본호 | F16: Y | G16: 운영 | H16: AWS | J16: WEB | L16: nestjs 9.4.0/express 4.18.2 | M16: C31CP-DATA-WEB1 | N16: 10.247.220.166 | O16: 55522 | P16: Amazon Linux 2 | Q16: https://dtpl.skchemicals.com/main | S16: *.skchemicals.com | T16: PFX | U16: C31CP-DATA-DB1 | V16: 10.247.222.164 | W16: 27017 | X16: dp | Y16: MongoDB 5.0.24 | Z16: 9.8 | AB16: AWS EC2
A17: =VLOOKUP(B17,'서비스 Master'!$C$4:$D$62,2,FALSE) -> 9 | B17: 데이터포털 | C17: =VLOOKUP(B17,'서비스 Master'!$C$4:$P$62,14,FALSE) -> 민석홍 | D17: =VLOOKUP(B17,'서비스 Master'!$C$4:$P$62,10,FALSE) -> 조래옥 | E17: =VLOOKUP(B17,'서비스 Master'!$C$4:$P$62,11,FALSE) -> 구본호 | F17: Y | G17: 개발 | H17: AWS | J17: WEB | L17: nestjs 9.4.0/express 4.18.2 | M17: C31CD-DATA-WEB1 | N17: 10.247.216.170 | O17: 55522 | P17: Amazon Linux 2 | Q17: https://dtpl-dev.skchemicals.com/sk-login | S17: *.skchemicals.com | T17: PFX | U17: C31CD-DATA-DB1 | V17: 10.247.217.168 | W17: 27017 | X17: dp | Y17: MongoDB 5.0.24 | Z17: 10.4 | AB17: AWS EC2
A18: =VLOOKUP(B18,'서비스 Master'!$C$4:$D$62,2,FALSE) -> 0 | B18: 표준관리시스템 | C18: =VLOOKUP(B18,'서비스 Master'!$C$4:$P$62,14,FALSE) -> 민석홍 | D18: =VLOOKUP(B18,'서비스 Master'!$C$4:$P$62,10,FALSE) -> 조래옥 | E18: =VLOOKUP(B18,'서비스 Master'!$C$4:$P$62,11,FALSE) -> 구본호 | F18: Y | G18: 운영 | H18: On-Premise | J18: WEB | L18: Tomcat 9.0.70 | M18: C01VP-DLM-WAS1 | N18: 10.247.241.96 | O18: 55522 | P18: Ubuntu 22.04.4 LTS | Q18: https://meta.skchemicals.com/dataware/login.action | R18: 본사 | S18: *.skchemicals.com | T18: PFX | U18: C01VP-DLM-DB1 | V18: 10.247.243.52 | W18: 55432 | X18: dataware | Y18: PostgreSQL 17 | Z18: 14 | AB18: 데이터포털 - 표준관리시스템(META)
A19: =VLOOKUP(B19,'서비스 Master'!$C$4:$D$62,2,FALSE) -> 0 | B19: 표준관리시스템 | C19: =VLOOKUP(B19,'서비스 Master'!$C$4:$P$62,14,FALSE) -> 민석홍 | D19: =VLOOKUP(B19,'서비스 Master'!$C$4:$P$62,10,FALSE) -> 조래옥 | E19: =VLOOKUP(B19,'서비스 Master'!$C$4:$P$62,11,FALSE) -> 구본호 | F19: Y | G19: 개발 | H19: On-Premise | J19: WEB | L19: Tomcat 9.0.70 | M19: C01VD-DLM-WAS1 | N19: 10.247.246.72 | O19: 443 | P19: Ubuntu 22.04.4 LTS | Q19: https://meta-dev.skchemicals.com/dataware/login.action | R19: 본사 | S19: *.skchemicals.com | T19: PFX | U19: C01VD-DLM-DB1 | V19: 10.247.246.73 | W19: 55432 | X19: dataware | Y19: PostgreSQL 17 | Z19: 11.8 | AB19: 데이터포털 - 표준관리시스템(META)
A20: =VLOOKUP(B20,'서비스 Master'!$C$4:$D$62,2,FALSE) -> 11 | B20: 법무포탈 | C20: =VLOOKUP(B20,'서비스 Master'!$C$4:$P$62,14,FALSE) -> 김햇빛 | D20: =VLOOKUP(B20,'서비스 Master'!$C$4:$P$62,10,FALSE) -> 조래옥 | E20: =VLOOKUP(B20,'서비스 Master'!$C$4:$P$62,11,FALSE) -> 김아현 | F20: Y | G20: 운영 | H20: AWS | J20: WEB | L20: Tomcat 9.0.27 | M20: C31CP-LPO-WEB1 | N20: 10.247.220.22 | O20: 80 | P20: Windows 10 Enterprise | Q20: https://legal.skcemicals.com | S20: *.skchemicals.com | T20: PEM | U20: C31CP-MDIS-DB2 | V20: 10.247.220.149 | W20: 51433 | X20: sk_chemicals_elms | Y20: MSSQL 2017 | Z20: 127.9 | AB20: 통합 EC2 DB | AC20: DB Hostname 확인필요 : C31CP-MDIS-DB1
A21: =VLOOKUP(B21,'서비스 Master'!$C$4:$D$62,2,FALSE) -> 11 | B21: 법무포탈 | C21: =VLOOKUP(B21,'서비스 Master'!$C$4:$P$62,14,FALSE) -> 김햇빛 | D21: =VLOOKUP(B21,'서비스 Master'!$C$4:$P$62,10,FALSE) -> 조래옥 | E21: =VLOOKUP(B21,'서비스 Master'!$C$4:$P$62,11,FALSE) -> 김아현 | F21: Y | G21: 개발 | H21: AWS | J21: WEB | L21: Tomcat 9.0.27 | M21: C31CD-LPO-WEB1 | N21: 10.247.216.22 | O21: 80 | P21: Windows 10 Enterprise | Q21: https://dev-legal.skchemicals.com | S21: *.skchemicals.com | T21: PEM | U21: C31CD-MDIS-DB1 | V21: 10.247.216.152 | W21: 51433 | X21: sk_chemicals_elms | Y21: MSSQL 2017 | Z21: 0.2 | AB21: 통합 EC2 DB
A22: =VLOOKUP(B22,'서비스 Master'!$C$4:$D$62,2,FALSE) -> 12 | B22: 스마트오피스 서비스 | C22: =VLOOKUP(B22,'서비스 Master'!$C$4:$P$62,14,FALSE) -> 김햇빛 | D22: =VLOOKUP(B22,'서비스 Master'!$C$4:$P$62,10,FALSE) -> 조래옥 | E22: =VLOOKUP(B22,'서비스 Master'!$C$4:$P$62,11,FALSE) -> 변영운 | F22: Y | G22: 운영 | H22: AWS | J22: WEB | K22: Apache 2.4.52 | L22: Tomcat 8.5.75 | M22: C33CP-FRC-AP1 | N22: 10.247.220.117 | O22: 55522 | P22: Amazon Linux 2 | Q22: https://smartoffice.skchemicals.com | S22: *.skchemicals.com | T22: PEM | U22: C31CP-SO-DB1 | V22: skch-backbone-prod-rds-so-db01.chcdnqliroxp.ap-northeast-2.rds.amazonaws.com | W22: 3306 | X22: smartoffice | Y22: MariaDB 10.6.18 | Z22: 21 | AB22: 안면인식 솔루션 SAFR 플랫폼 : 해외 솔루션으로 업그레이드 불가 ‘24년 보안진단 시에도 예외 처리 요청
A23: =VLOOKUP(B23,'서비스 Master'!$C$4:$D$62,2,FALSE) -> 12 | B23: 스마트오피스 서비스 | C23: =VLOOKUP(B23,'서비스 Master'!$C$4:$P$62,14,FALSE) -> 김햇빛 | D23: =VLOOKUP(B23,'서비스 Master'!$C$4:$P$62,10,FALSE) -> 조래옥 | E23: =VLOOKUP(B23,'서비스 Master'!$C$4:$P$62,11,FALSE) -> 변영운 | F23: Y | G23: 운영 | H23: AWS | J23: WEB | K23: Apache 2.4.57 | L23: Tomcat 9.0.109 | M23: C33CP-SO-AP1 | N23: 10.247.220.4 | O23: 55522 | P23: Amazon Linux 2 | Q23: https://smartoffice.skchemicals.com | S23: *.skchemicals.com | T23: PEM | U23: C31CP-SO-DB1 | V23: skch-backbone-prod-rds-so-db01.chcdnqliroxp.ap-northeast-2.rds.amazonaws.com | W23: 3306 | X23: smartoffice | Y23: MariaDB 10.6.18 | Z23: 21
A24: =VLOOKUP(B24,'서비스 Master'!$C$4:$D$62,2,FALSE) -> 12 | B24: 스마트오피스 서비스 | C24: =VLOOKUP(B24,'서비스 Master'!$C$4:$P$62,14,FALSE) -> 김햇빛 | D24: =VLOOKUP(B24,'서비스 Master'!$C$4:$P$62,10,FALSE) -> 조래옥 | E24: =VLOOKUP(B24,'서비스 Master'!$C$4:$P$62,11,FALSE) -> 변영운 | F24: Y | G24: 운영 | H24: AWS | J24: WEB | K24: Apache 2.4.57 | L24: Tomcat 9.0.109 | M24: C33CP-SO-AP2 | N24: 10.247.222.82 | O24: 55522 | P24: Amazon Linux 2 | Q24: https://smartoffice.skchemicals.com | S24: *.skchemicals.com | T24: PEM | U24: C31CP-SO-DB1 | V24: skch-backbone-prod-rds-so-db01.chcdnqliroxp.ap-northeast-2.rds.amazonaws.com | W24: 3306 | X24: smartoffice | Y24: MariaDB 10.6.18 | Z24: 21
A25: =VLOOKUP(B25,'서비스 Master'!$C$4:$D$62,2,FALSE) -> 12 | B25: 스마트오피스 서비스 | C25: =VLOOKUP(B25,'서비스 Master'!$C$4:$P$62,14,FALSE) -> 김햇빛 | D25: =VLOOKUP(B25,'서비스 Master'!$C$4:$P$62,10,FALSE) -> 조래옥 | E25: =VLOOKUP(B25,'서비스 Master'!$C$4:$P$62,11,FALSE) -> 변영운 | F25: Y | G25: 개발 | H25: AWS | J25: WEB | L25: Tomcat 8.5.87 | M25: C33CD-SO-AP1 | N25: 10.247.216.85 | O25: 55522 | P25: Amazon Linux 2 | Q25: https://smartoffice-test.skchemicals.com | S25: *.skchemicals.com | T25: PEM | U25: C31CD-SO-DB1 | V25: skch-backbone-dev-rds-so-db01.cji5alpv69zu.ap-northeast-2.rds.amazonaws.com | W25: 3306 | X25: smartoffice | Y25: MariaDB 10.6.18 | Z25: 33.7
A26: =VLOOKUP(B26,'서비스 Master'!$C$4:$D$62,2,FALSE) -> 13 | B26: ESG Data HUB | C26: =VLOOKUP(B26,'서비스 Master'!$C$4:$P$62,14,FALSE) -> 김햇빛 | D26: =VLOOKUP(B26,'서비스 Master'!$C$4:$P$62,10,FALSE) -> 조래옥 | E26: =VLOOKUP(B26,'서비스 Master'!$C$4:$P$62,11,FALSE) -> 한준호 | F26: Y | G26: 운영 | H26: AWS | J26: WEB | L26: Tomcat 9.0.86 | M26: C33CP-EHUB-WEB1 | N26: 10.247.220.31 | O26: 80/8090 | P26: Amazon Linux 2 | Q26: https://edh.skchemicals.com | S26: *.skchemicals.com | T26: PEM | U26: C31CP-MDIS-DB2 | V26: 10.247.220.149 | W26: 51433 | X26: EDH | Y26: MSSQL 2017 | Z26: 1.4 | AB26: 통합 EC2 DB
A27: =VLOOKUP(B27,'서비스 Master'!$C$4:$D$62,2,FALSE) -> 13 | B27: ESG Data HUB | C27: =VLOOKUP(B27,'서비스 Master'!$C$4:$P$62,14,FALSE) -> 김햇빛 | D27: =VLOOKUP(B27,'서비스 Master'!$C$4:$P$62,10,FALSE) -> 조래옥 | E27: =VLOOKUP(B27,'서비스 Master'!$C$4:$P$62,11,FALSE) -> 한준호 | F27: Y | G27: 운영 | H27: AWS | J27: WEB | L27: Tomcat 9.0.86 | M27: C33CP-EHUB-WEB2 | N27: 10.247.222.97 | O27: 80/8090 | P27: Amazon Linux 2 | Q27: https://edh.skchemicals.com | S27: *.skchemicals.com | T27: PEM | U27: C31CP-MDIS-DB2 | V27: 10.247.220.149 | W27: 51433 | X27: EDH | Y27: MSSQL 2017 | Z27: 1.4 | AB27: 통합 EC2 DB
A28: =VLOOKUP(B28,'서비스 Master'!$C$4:$D$62,2,FALSE) -> 13 | B28: ESG Data HUB | C28: =VLOOKUP(B28,'서비스 Master'!$C$4:$P$62,14,FALSE) -> 김햇빛 | D28: =VLOOKUP(B28,'서비스 Master'!$C$4:$P$62,10,FALSE) -> 조래옥 | E28: =VLOOKUP(B28,'서비스 Master'!$C$4:$P$62,11,FALSE) -> 한준호 | F28: Y | G28: 개발 | H28: AWS | J28: WEB | L28: Tomcat 9.0.86 | M28: C33CD-EHUB-WEB1.SKYNET.HELP | N28: 10.247.216.84 | O28: 80/8090 | P28: Amazon Linux 2 | Q28: https://edh-dev.skchemicals.com | S28: *.skchemicals.com | T28: PEM | U28: C31CD-MDIS-DB1 | V28: 10.247.216.152 | W28: 51433 | X28: EDH | Y28: MSSQL 2017 | Z28: 0.5 | AB28: 통합 EC2 DB
A29: =VLOOKUP(B29,'서비스 Master'!$C$4:$D$62,2,FALSE) -> 14 | B29: 톡톡 스마트오피스 앱 | C29: =VLOOKUP(B29,'서비스 Master'!$C$4:$P$62,14,FALSE) -> 김햇빛 | D29: =VLOOKUP(B29,'서비스 Master'!$C$4:$P$62,10,FALSE) -> 조래옥 | E29: =VLOOKUP(B29,'서비스 Master'!$C$4:$P$62,11,FALSE) -> 정상률 | F29: Y | J29: Mobile | T29: 비대상
A30: =VLOOKUP(B30,'서비스 Master'!$C$4:$D$62,2,FALSE) -> 15 | B30: CRM (S.Square) | C30: =VLOOKUP(B30,'서비스 Master'!$C$4:$P$62,14,FALSE) -> 김햇빛 | D30: =VLOOKUP(B30,'서비스 Master'!$C$4:$P$62,10,FALSE) -> 이인 | E30: =VLOOKUP(B30,'서비스 Master'!$C$4:$P$62,11,FALSE) -> 박도현 | F30: Y | G30: 운영 | H30: AWS | J30: WEB | K30: IIS 10 | M30: C33CP-CRM-WEB1 | N30: 10.247.222.11 | O30: 443 | P30: Windows Server 2019 Standard | Q30: https://gccrm.skchemicals.com | S30: *.skchemicals.com | T30: 비대상 | U30: C31CP-MDIS-DB2 | V30: 10.247.220.149 | W30: 51433 | X30: Connected2ND | Y30: MSSQL 2017 | Z30: 7.4 | AB30: 운영(통합 EC2 DB) | AC30: 25년 2분기 이후 통합ITO 계약 종료
A31: =VLOOKUP(B31,'서비스 Master'!$C$4:$D$62,2,FALSE) -> 15 | B31: CRM (S.Square) | C31: =VLOOKUP(B31,'서비스 Master'!$C$4:$P$62,14,FALSE) -> 김햇빛 | D31: =VLOOKUP(B31,'서비스 Master'!$C$4:$P$62,10,FALSE) -> 이인 | E31: =VLOOKUP(B31,'서비스 Master'!$C$4:$P$62,11,FALSE) -> 박도현 | F31: Y | G31: 개발 | H31: AWS | J31: WEB | K31: IIS 10 | M31: C33CD-CRM-WEB1 | N31: 10.247.217.11 | O31: 443 | P31: Windows Server 2019 Standard | Q31: https://gccrm-dev.skchemicals.com | S31: *.skchemicals.com | T31: 비대상 | U31: C31CD-MDIS-DB1 | V31: 10.247.216.152 | W31: 51433 | X31: Connected2ND | Y31: MSSQL 2017 | Z31: 5.6 | AB31: 개발(통합 EC2 DB) | AC31: 25년 2분기 이후 통합ITO 계약 종료
A32: =VLOOKUP(B32,'서비스 Master'!$C$4:$D$62,2,FALSE) -> 16 | B32: EOS G/W | C32: =VLOOKUP(B32,'서비스 Master'!$C$4:$P$62,14,FALSE) -> 박상진 | D32: =VLOOKUP(B32,'서비스 Master'!$C$4:$P$62,10,FALSE) -> 이인 | E32: =VLOOKUP(B32,'서비스 Master'!$C$4:$P$62,11,FALSE) -> 김기정 | F32: Y | G32: 운영 | H32: On-Premise | I32: DMZ | J32: WEB | K32: IIS 10 | M32: C04VP-OCE-WEB1 | N32: 10.247.13.168 | O32: 443 | P32: Windows Server 2016 Standard | Q32: https://eosgw.skchemicals.com | R32: 청주 | S32: *.skchemicals.com | T32: PFX | AB32: EOS <-> LS-MIS, 인터페이스 GW (DB는 LS-MIS), 웹서비스를 통해 I/F처리
A33: =VLOOKUP(B33,'서비스 Master'!$C$4:$D$62,2,FALSE) -> 16 | B33: EOS G/W | C33: =VLOOKUP(B33,'서비스 Master'!$C$4:$P$62,14,FALSE) -> 박상진 | D33: =VLOOKUP(B33,'서비스 Master'!$C$4:$P$62,10,FALSE) -> 이인 | E33: =VLOOKUP(B33,'서비스 Master'!$C$4:$P$62,11,FALSE) -> 김기정 | F33: Y | G33: 개발 | H33: On-Premise | I33: Server Farm | J33: WEB | K33: IIS 10 | M33: C04VD-OCE-WEB1 | N33: 10.247.26.61 | O33: 443 | P33: Windows Server 2016 Standard | Q33: https://eosgw-dev.skchemicals.com | R33: 청주 | S33: *.skchemicals.com | T33: PFX | AB33: 개발서버 (환경은 운영과 동일)
A34: =VLOOKUP(B34,'서비스 Master'!$C$4:$D$62,2,FALSE) -> 17 | B34: SIRS | C34: =VLOOKUP(B34,'서비스 Master'!$C$4:$P$62,14,FALSE) -> 박상진 | D34: =VLOOKUP(B34,'서비스 Master'!$C$4:$P$62,10,FALSE) -> 이인 | E34: =VLOOKUP(B34,'서비스 Master'!$C$4:$P$62,11,FALSE) -> 김형일 | F34: Y | G34: 운영 | H34: On-Premise | I34: Server Farm | J34: WEB | L34: Tomcat 9.0.43 | M34: C04VP-SIRS-AP1 | N34: 10.247.15.123 | O34: 53389 | P34: Windows Server 2016 Standard | Q34: https://sirs.skchemicals.com | R34: 청주 | S34: *.skchemicals.com | T34: JKS | U34: C04VP-MDIS-DB2 | V34: 10.247.15.112 | W34: 51433 | X34: SKSIRS | Y34: MSSQL 2017 | Z34: 0.3 | AB34: 이상 사례(안정성보고,SIRS)
A35: =VLOOKUP(B35,'서비스 Master'!$C$4:$D$62,2,FALSE) -> 17 | B35: SIRS | C35: =VLOOKUP(B35,'서비스 Master'!$C$4:$P$62,14,FALSE) -> 박상진 | D35: =VLOOKUP(B35,'서비스 Master'!$C$4:$P$62,10,FALSE) -> 이인 | E35: =VLOOKUP(B35,'서비스 Master'!$C$4:$P$62,11,FALSE) -> 김형일 | F35: Y | G35: 개발 | H35: On-Premise | I35: Server Farm | J35: WEB | L35: Tomcat 9.0.43 | M35: C04VD-SIRS-AP1 | N35: 10.247.26.60 | O35: 443 | P35: Windows Server 2016 Standard | Q35: https://sirs-dev.skchemicals.com | R35: 청주 | S35: *.skchemicals.com | T35: JKS | U35: C04VD-MDIS-DB1 | V35: 10.247.26.100 | W35: 51433 | X35: SKSIRS | Y35: MSSQL 2017 | Z35: 0.1 | AB35: 이상 사례(안정성보고,SIRS)
A36: =VLOOKUP(B36,'서비스 Master'!$C$4:$D$62,2,FALSE) -> 18 | B36: 마케팅 허브 G/W | C36: =VLOOKUP(B36,'서비스 Master'!$C$4:$P$62,14,FALSE) -> 박상진 | D36: =VLOOKUP(B36,'서비스 Master'!$C$4:$P$62,10,FALSE) -> 이인 | E36: =VLOOKUP(B36,'서비스 Master'!$C$4:$P$62,11,FALSE) -> 김형일 | F36: N | G36: 운영 | H36: On-Premise | I36: DMZ | L36: Tomcat 8.5.87 | M36: SKCHEM-LSMTGW | N36: 168.154.172.140 | O36: 3389 | P36: Windows Server 2008 R2 (64-bit) | Q36: https://lsmarketinghub.skchemicals.com | AB36: 사용안하는 서버( 서버EOS로 C31CP-SFE-WEB1로 이관됨)
A37: =VLOOKUP(B37,'서비스 Master'!$C$4:$D$62,2,FALSE) -> 18 | B37: 마케팅 허브 G/W | C37: =VLOOKUP(B37,'서비스 Master'!$C$4:$P$62,14,FALSE) -> 박상진 | D37: =VLOOKUP(B37,'서비스 Master'!$C$4:$P$62,10,FALSE) -> 이인 | E37: =VLOOKUP(B37,'서비스 Master'!$C$4:$P$62,11,FALSE) -> 김형일 | F37: Y | G37: 운영 | H37: AWS | J37: WEB | L37: Tomcat 9.0.97 | M37: C31CP-SFE-WEB1 | N37: 10.247.220.87 | O37: 53389 | P37: Windows Server 2022 Datacenter | Q37: https://lsmarketinghub.skchemicals.com | S37: *.skchemicals.com | T37: JKS | AB37: 운영 Relay Server (해당서버 경유하여 LSFE, BSFE, PSFE 이외 사이트 연결 해주는 역할) , DB 서버 없음
A38: =VLOOKUP(B38,'서비스 Master'!$C$4:$D$62,2,FALSE) -> 18 | B38: 마케팅 허브 G/W | C38: =VLOOKUP(B38,'서비스 Master'!$C$4:$P$62,14,FALSE) -> 박상진 | D38: =VLOOKUP(B38,'서비스 Master'!$C$4:$P$62,10,FALSE) -> 이인 | E38: =VLOOKUP(B38,'서비스 Master'!$C$4:$P$62,11,FALSE) -> 김형일 | F38: Y | G38: 개발 | H38: AWS | J38: WEB | L38: Tomcat 9.0.97 | M38: C31CD-SFE-WEB1 | N38: 10.247.216.94 | O38: 53389 | P38: Windows Server 2022 Datacenter | Q38: https://dev-lsmarketinghub.skchemicals.com | S38: *.skchemicals.com | T38: JKS | AB38: 운영 Relay Server (해당서버 경유하여 LSFE, BSFE, PSFE 이외 사이트 연결 해주는 역할) , DB 서버 없음
A39: =VLOOKUP(B39,'서비스 Master'!$C$4:$D$62,2,FALSE) -> 19 | B39: 모바일MIS | C39: =VLOOKUP(B39,'서비스 Master'!$C$4:$P$62,14,FALSE) -> 박상진 | D39: =VLOOKUP(B39,'서비스 Master'!$C$4:$P$62,10,FALSE) -> 이인 | E39: =VLOOKUP(B39,'서비스 Master'!$C$4:$P$62,11,FALSE) -> 김형일 | F39: Y | G39: 운영 | H39: On-Premise | I39: Server Farm | J39: Mobile | L39: Tomcat 7.0.104 | M39: C04VP-SFE-WAS2 | N39: 10.247.15.43 | O39: 53389 | P39: Windows Server 2016 Standard | Q39: https://sfe.skchemicals.com | R39: 청주 | S39: *.skchemicals.com | T39: JKS | AB39: 비대상,MMIS는 SFE에 종속된 시스템으로 DB는 별도 없으며, MIS와 SOAP 통신
A40: =VLOOKUP(B40,'서비스 Master'!$C$4:$D$62,2,FALSE) -> 19 | B40: 모바일MIS | C40: =VLOOKUP(B40,'서비스 Master'!$C$4:$P$62,14,FALSE) -> 박상진 | D40: =VLOOKUP(B40,'서비스 Master'!$C$4:$P$62,10,FALSE) -> 이인 | E40: =VLOOKUP(B40,'서비스 Master'!$C$4:$P$62,11,FALSE) -> 김형일 | F40: Y | G40: 개발 | H40: On-Premise | I40: Server Farm | J40: Mobile | L40: Tomcat 7.0.67 | M40: C04VD-SFE-WAS2 | N40: 10.247.26.56 | O40: 443 | P40: Windows Server 2016 Standard | Q40: https://dev-sfe.skchemicals.com | R40: 청주 | S40: *.skchemicals.com | T40: JKS | AB40: 비대상,MMIS는 SFE에 종속된 시스템으로 DB는 별도 없으며, MIS와 SOAP 통신
A41: =VLOOKUP(B41,'서비스 Master'!$C$4:$D$62,2,FALSE) -> 20 | B41: 엔티스_MIS | C41: =VLOOKUP(B41,'서비스 Master'!$C$4:$P$62,14,FALSE) -> 명진 | D41: =VLOOKUP(B41,'서비스 Master'!$C$4:$P$62,10,FALSE) -> 이인 | E41: =VLOOKUP(B41,'서비스 Master'!$C$4:$P$62,11,FALSE) -> 최창길 | F41: Y | G41: 운영 | H41: On-Premise | J41: CS | M41: E01VP-MIS-AP1 | N41: 10.247.241.229​ | P41: Windows Server 2003 R2 | R41: 본사 | S41: *.skchemicals.com | T41: 비대상 | U41: E01YP-HRMIS-DB1 | V41: 10.247.241.151 | W41: 1521 | X41: SKCHEM | Y41: Oracle 10g | Z41: 101 | AB41: 5/18 10.247.241.151로 변경(대덕->판교로 이전) | AC41: SSL 인증서 설치 여부 확인 필요 = 설치필요없슴
A42: =VLOOKUP(B42,'서비스 Master'!$C$4:$D$62,2,FALSE) -> 21 | B42: 임가공포탈 | C42: =VLOOKUP(B42,'서비스 Master'!$C$4:$P$62,14,FALSE) -> 명진 | D42: =VLOOKUP(B42,'서비스 Master'!$C$4:$P$62,10,FALSE) -> 이용재 | E42: =VLOOKUP(B42,'서비스 Master'!$C$4:$P$62,11,FALSE) -> 구본호 | F42: Y | G42: 운영 | H42: AWS | J42: WEB | L42: Tomcat 9.0.39 | M42: C31CP-ESP-AP1 | N42: 10.247.220.25 | O42: 443 | P42: Windows Server 2016 Standard | Q42: https://buyer.skyesp.co.kr/home/index.do | S42: *.skyesp.co.kr | T42: PEM | U42: C31CP-MDIS-DB2 | V42: 10.247.220.149 | W42: 51433 | X42: OPM | Y42: MSSQL 2017 | Z42: 6.2 | AB42: 통합 EC2 DB
A43: =VLOOKUP(B43,'서비스 Master'!$C$4:$D$62,2,FALSE) -> 21 | B43: 임가공포탈 | C43: =VLOOKUP(B43,'서비스 Master'!$C$4:$P$62,14,FALSE) -> 명진 | D43: =VLOOKUP(B43,'서비스 Master'!$C$4:$P$62,10,FALSE) -> 이용재 | E43: =VLOOKUP(B43,'서비스 Master'!$C$4:$P$62,11,FALSE) -> 구본호 | F43: Y | G43: 운영 | H43: AWS | J43: WEB | L43: Tomcat 9.0.39 | M43: C31CP-ESP-WAS1 | N43: 10.247.220.26 | O43: 443 | P43: Windows Server 2016 Standard | Q43: https://www.skyesp.co.kr/home/index.do | S43: *.skyesp.co.kr | T43: PEM | U43: C31CP-MDIS-DB2 | V43: 10.247.220.149 | W43: 51433 | X43: OPM | Y43: MSSQL 2017 | Z43: 6.2 | AB43: 통합 EC2 DB
A44: =VLOOKUP(B44,'서비스 Master'!$C$4:$D$62,2,FALSE) -> 21 | B44: 임가공포탈 | C44: =VLOOKUP(B44,'서비스 Master'!$C$4:$P$62,14,FALSE) -> 명진 | D44: =VLOOKUP(B44,'서비스 Master'!$C$4:$P$62,10,FALSE) -> 이용재 | E44: =VLOOKUP(B44,'서비스 Master'!$C$4:$P$62,11,FALSE) -> 구본호 | F44: Y | G44: 운영 | H44: AWS | J44: WEB | K44: Apache 2.4.46 | M44: C31CP-ESP-WEB1 | N44: 10.247.220.27 | P44: Windows Server 2016 Standard | U44: C31CP-MDIS-DB2 | V44: 10.247.220.149 | W44: 51433 | X44: OPM | Y44: MSSQL 2017 | Z44: 6.2 | AB44: 통합 EC2 DB
B45: 임가공포탈 | C45: =VLOOKUP(B45,'서비스 Master'!$C$4:$P$62,14,FALSE) -> 명진 | D45: =VLOOKUP(B45,'서비스 Master'!$C$4:$P$62,10,FALSE) -> 이용재 | E45: =VLOOKUP(B45,'서비스 Master'!$C$4:$P$62,11,FALSE) -> 구본호 | F45: Y | G45: 개발 | H45: AWS | J45: WEB | L45: Tomcat 9.0.39 | M45: C31CD-BID-WEB1 | N45: 10.247.216.19:53389 | O45: 443 | P45: Windows Server 2019 Standard | Q45: https://devbuyer.skyesp.co.kr:8088/home/index.do | S45: *.skyesp.co.kr | T45: PEM | U45: C31CD-MDIS-DB1 | V45: 10.247.216.152 | W45: 51433 | X45: OPM | Y45: MSSQL 2017 | Z45: 5.6 | AB45: 통합 EC2 DB
B46: 임가공포탈 | C46: =VLOOKUP(B46,'서비스 Master'!$C$4:$P$62,14,FALSE) -> 명진 | D46: =VLOOKUP(B46,'서비스 Master'!$C$4:$P$62,10,FALSE) -> 이용재 | E46: =VLOOKUP(B46,'서비스 Master'!$C$4:$P$62,11,FALSE) -> 구본호 | F46: Y | G46: 개발 | H46: AWS | J46: WEB | L46: Tomcat 9.0.39 | M46: C31CD-BID-WEB1 | N46: 10.247.216.19:53389 | O46: 443 | P46: Windows Server 2019 Standard | Q46: https://dev.skyesp.co.kr:8088/home/index.do | S46: *.skyesp.co.kr | T46: PEM | U46: C31CD-MDIS-DB1 | V46: 10.247.216.152 | W46: 51433 | X46: OPM | Y46: MSSQL 2017 | Z46: 5.6 | AB46: 통합 EC2 DB
A47: =VLOOKUP(B47,'서비스 Master'!$C$4:$D$62,2,FALSE) -> 22 | B47: 콜센터 | C47: =VLOOKUP(B47,'서비스 Master'!$C$4:$P$62,14,FALSE) -> 박상진 | D47: =VLOOKUP(B47,'서비스 Master'!$C$4:$P$62,10,FALSE) -> 이인 | E47: =VLOOKUP(B47,'서비스 Master'!$C$4:$P$62,11,FALSE) -> 김은수 | F47: Y | G47: 운영 | H47: On-Premise | I47: DMZ | J47: WEB | L47: Tomcat 9.0.45 | M47: C01VP-IPCC-AP1 | N47: 168.154.172.250 | O47: 443 | P47: Windows Server 2019 Standard | Q47: https://ipcc.skchemicals.com | R47: 본사 | S47: *.skchemicals.com | T47: JKS | U47: C01VP-IDB-DB | V47: 10.247.243.23 | W47: 51433 | X47: IPCC | Y47: MSSQL 2019 | Z47: 3 | AA47: TDE | AB47: 신)콜센터상담관리 운영
A48: =VLOOKUP(B48,'서비스 Master'!$C$4:$D$62,2,FALSE) -> 22 | B48: 콜센터 | C48: =VLOOKUP(B48,'서비스 Master'!$C$4:$P$62,14,FALSE) -> 박상진 | D48: =VLOOKUP(B48,'서비스 Master'!$C$4:$P$62,10,FALSE) -> 이인 | E48: =VLOOKUP(B48,'서비스 Master'!$C$4:$P$62,11,FALSE) -> 김은수 | F48: Y | G48: 개발 | H48: On-Premise | I48: Server Farm | J48: WEB | L48: Tomcat 9.0.45 | M48: C01VD-IPCC-AP1 | N48: 10.247.246.250 | O48: 443 | P48: Windows Server 2019 Standard | Q48: https://ipcc-dev.skchemicals.com | R48: 본사 | S48: *.skchemicals.com | T48: JKS | U48: C01VD-IDB-DB1 | V48: 10.247.246.27 | W48: 51433 | X48: IPCC_DEV | Y48: MSSQL 2019 | Z48: 0.8 | AA48: TDE | AB48: 신)콜센터상담관리 개발
A49: =VLOOKUP(B49,'서비스 Master'!$C$4:$D$62,2,FALSE) -> 23 | B49: 파마 MIS | C49: =VLOOKUP(B49,'서비스 Master'!$C$4:$P$62,14,FALSE) -> 박상진 | D49: =VLOOKUP(B49,'서비스 Master'!$C$4:$P$62,10,FALSE) -> 이인 | E49: =VLOOKUP(B49,'서비스 Master'!$C$4:$P$62,11,FALSE) -> 정정배/김기정 | F49: Y | G49: 운영 | H49: On-Premise | I49: Server Farm | J49: CS | K49: IIS 10 | M49: C04VP-MIS-WEB1 | N49: 10.247.15.40 | O49: 443 | P49: Windows Server 2016 Standard | Q49: https://lsmis.skchemicals.com | R49: 청주 | S49: *.skchemicals.com | T49: PFX | U49: C04VP-MIS-DB1 | V49: 10.247.15.47 | W49: 1521 | X49: SKPHARM | Y49: Oracle 19C | Z49: 106 | AB49: LS Biz 마케팅 MIS(파마) - 운영
A50: =VLOOKUP(B50,'서비스 Master'!$C$4:$D$62,2,FALSE) -> 23 | B50: 파마 MIS | C50: =VLOOKUP(B50,'서비스 Master'!$C$4:$P$62,14,FALSE) -> 박상진 | D50: =VLOOKUP(B50,'서비스 Master'!$C$4:$P$62,10,FALSE) -> 이인 | E50: =VLOOKUP(B50,'서비스 Master'!$C$4:$P$62,11,FALSE) -> 정정배/김기정 | F50: Y | G50: 운영 | H50: On-Premise | I50: Server Farm | J50: CS | K50: IIS 10 | M50: C04VP-MIS-WEB2 | N50: 10.247.15.41 | O50: 443 | P50: Windows Server 2016 Standard | Q50: https://lsmis.skchemicals.com | R50: 청주 | S50: *.skchemicals.com | T50: PFX | U50: C04VP-MIS-DB1 | V50: 10.247.15.47 | W50: 1521 | X50: SKPHARM | Y50: Oracle 19C | Z50: 106 | AB50: LS Biz 마케팅 MIS(파마) - 운영
A51: =VLOOKUP(B51,'서비스 Master'!$C$4:$D$62,2,FALSE) -> 23 | B51: 파마 MIS | C51: =VLOOKUP(B51,'서비스 Master'!$C$4:$P$62,14,FALSE) -> 박상진 | D51: =VLOOKUP(B51,'서비스 Master'!$C$4:$P$62,10,FALSE) -> 이인 | E51: =VLOOKUP(B51,'서비스 Master'!$C$4:$P$62,11,FALSE) -> 정정배/김기정 | F51: Y | G51: 개발 | H51: On-Premise | J51: CS | K51: IIS 10 | M51: C04VD-MIS-WEB3 | N51: 10.247.26.55 | O51: 443 | P51: Windows Server 2016 Standard | Q51: https://lsmis_dev.skchemicals.com | R51: 청주 | S51: *.skchemicals.com | T51: PFX | U51: C04VD-MIS-DB1 | V51: 10.247.26.102 | W51: 1521 | X51: PHARMDEV | Y51: Oracle 19C | Z51: 217 | AB51: LS Biz 마케팅 MIS(파마) - 개발
A52: =VLOOKUP(B52,'서비스 Master'!$C$4:$D$62,2,FALSE) -> 24 | B52: 파마 SFE | C52: =VLOOKUP(B52,'서비스 Master'!$C$4:$P$62,14,FALSE) -> 박상진 | D52: =VLOOKUP(B52,'서비스 Master'!$C$4:$P$62,10,FALSE) -> 이인 | E52: =VLOOKUP(B52,'서비스 Master'!$C$4:$P$62,11,FALSE) -> 김형일 | F52: Y | G52: 운영 | H52: On-Premise | I52: Server Farm | J52: WEB | L52: Tomcat 7.0.104 | M52: C04VP-SFE-WAS2 | N52: 10.247.15.43 | O52: 53389 | P52: Windows Server 2016 Standard | Q52: https://sfe.skchemicals.com https://asfe.skchemicals.com | R52: 청주 | S52: *.skchemicals.com | T52: JKS | U52: C04VP-MDIS-DB1 | V52: 10.247.15.110 | W52: 51433 | X52: SKChemicals | Y52: MSSQL 2017 | Z52: 32.6 | AB52: LSFE 운영 Web AP, 청주통합운영DB#1
A53: =VLOOKUP(B53,'서비스 Master'!$C$4:$D$62,2,FALSE) -> 24 | B53: 파마 SFE | C53: =VLOOKUP(B53,'서비스 Master'!$C$4:$P$62,14,FALSE) -> 박상진 | D53: =VLOOKUP(B53,'서비스 Master'!$C$4:$P$62,10,FALSE) -> 이인 | E53: =VLOOKUP(B53,'서비스 Master'!$C$4:$P$62,11,FALSE) -> 김형일 | F53: Y | G53: 개발 | H53: On-Premise | I53: Server Farm | J53: WEB | K53: IIS 10 | L53: Tomcat 7.0.67 | M53: C04VD-SFE-WAS2 | N53: 10.247.26.56 | O53: 443 | P53: Windows Server 2016 Standard | Q53: https://dev-sfe.skchemicals.com https://dev-asfe.skchemicals.com | R53: 청주 | S53: *.skchemicals.com | T53: JKS | U53: C04VD-MDIS-DB1 | V53: 10.247.26.100 | W53: 51433 | X53: SKChemicals | Y53: MSSQL 2017 | Z53: 55.4 | AB53: LSFE 운영 Web AP, 청주통합운영DB#1
A54: =VLOOKUP(B54,'서비스 Master'!$C$4:$D$62,2,FALSE) -> 25 | B54: 플라즈마 SFE | C54: =VLOOKUP(B54,'서비스 Master'!$C$4:$P$62,14,FALSE) -> 임준식 | D54: =VLOOKUP(B54,'서비스 Master'!$C$4:$P$62,10,FALSE) -> 이인 | E54: =VLOOKUP(B54,'서비스 Master'!$C$4:$P$62,11,FALSE) -> 최용진 | F54: Y | G54: 운영 | H54: On-Premise | J54: WEB | K54: IIS 10 | L54: Tomcat 7.0.104 | M54: C01VP-SFE-WAS01 | N54: 168.154.160.73 | O54: 3389 | P54: Windows Server 2016 Standard | Q54: https://sfe.skplasma.com https://asfe.skplasma.com | R54: 본사 | S54: *.skchemicals.com | T54: JKS | U54: C01VP-SFE-DB01 | V54: 168.154.160.105 | W54: 1433 | X54: SKPlasma | Y54: MSSQL 2016 | Z54: 2.1 | AB54: SFE 운영 MSSQL DB(SKChemicals, SKbioscience, SKPlasma 데이터베이스 사용)
A55: =VLOOKUP(B55,'서비스 Master'!$C$4:$D$62,2,FALSE) -> 25 | B55: 플라즈마 SFE | C55: =VLOOKUP(B55,'서비스 Master'!$C$4:$P$62,14,FALSE) -> 임준식 | D55: =VLOOKUP(B55,'서비스 Master'!$C$4:$P$62,10,FALSE) -> 이인 | E55: =VLOOKUP(B55,'서비스 Master'!$C$4:$P$62,11,FALSE) -> 최용진 | F55: Y | G55: 개발 | H55: On-Premise | J55: WEB | L55: Tomcat 7.0.67 | M55: C01VD-SFE-WAS1 | N55: 10.247.246.106 | O55: 3389 | P55: Windows Server 2016 Standard | Q55: https://dev-sfe.skplasma.com https://dev-asfe.skplasma.com | R55: 본사 | S55: *.skchemicals.com | T55: JKS | U55: C01VD-IDB-DB1 | V55: 10.247.246.27 | W55: 51433 | X55: SKPlasma | Y55: MSSQL 2019 | Z55: 1.8 | AA55: TDE | AB55: 플라즈마 SFE, 이관 작업 예정 | AC55: DBMS : MSSQL 2019
A56: =VLOOKUP(B56,'서비스 Master'!$C$4:$D$62,2,FALSE) -> 26 | B56: 플라즈마_MIS | C56: =VLOOKUP(B56,'서비스 Master'!$C$4:$P$62,14,FALSE) -> 임준식 | D56: =VLOOKUP(B56,'서비스 Master'!$C$4:$P$62,10,FALSE) -> 이인 | E56: =VLOOKUP(B56,'서비스 Master'!$C$4:$P$62,11,FALSE) -> 최창길 | F56: Y | G56: 운영 | H56: On-Premise | J56: CS | M56: SK-PBAP1 | N56: 168.154.160.107 | O56: 443 | P56: Windows Server 2008 R2 (64-bit) | R56: 본사 | S56: *.skchemicals.com | T56: 비대상 | U56: SK-PBDB1 | V56: 168.154.160.108 | W56: 1521 | X56: PBMKT | Y56: Oracle 10g | Z56: 9.5 | AB56: Plasma ERP/MIS/구매 서버
A57: =VLOOKUP(B57,'서비스 Master'!$C$4:$D$62,2,FALSE) -> 26 | B57: 플라즈마_MIS | C57: =VLOOKUP(B57,'서비스 Master'!$C$4:$P$62,14,FALSE) -> 임준식 | D57: =VLOOKUP(B57,'서비스 Master'!$C$4:$P$62,10,FALSE) -> 이인 | E57: =VLOOKUP(B57,'서비스 Master'!$C$4:$P$62,11,FALSE) -> 최창길 | F57: Y | G57: 개발 | H57: On-Premise | J57: CS | R57: 본사 | U57: SKCHEM-PB | V57: 168.154.160.184 | W57: 1521 | X57: PBSDEV, ERPDEV | Y57: Oracle 10g | Z57: 37 | AB57: 플라즈마 MIS만 해당
A58: =VLOOKUP(B58,'서비스 Master'!$C$4:$D$62,2,FALSE) -> 26 | B58: 플라즈마_MIS | C58: =VLOOKUP(B58,'서비스 Master'!$C$4:$P$62,14,FALSE) -> 임준식 | D58: =VLOOKUP(B58,'서비스 Master'!$C$4:$P$62,10,FALSE) -> 이인 | E58: =VLOOKUP(B58,'서비스 Master'!$C$4:$P$62,11,FALSE) -> 최창길 | F58: Y | G58: 운영 | H58: On-Premise | J58: CS | R58: 본사 | U58: P01VP-IHS-HB1 | V58: 168.154.160.244 | W58: 1433 | X58: inhouseplus | Y58: MSSQL 2017 | Z58: 1.4 | AB58: 플라즈마 In-House DB, 스케줄링
A59: =VLOOKUP(B59,'서비스 Master'!$C$4:$D$62,2,FALSE) -> 26 | B59: 플라즈마_MIS | C59: =VLOOKUP(B59,'서비스 Master'!$C$4:$P$62,14,FALSE) -> 임준식 | D59: =VLOOKUP(B59,'서비스 Master'!$C$4:$P$62,10,FALSE) -> 이인 | E59: =VLOOKUP(B59,'서비스 Master'!$C$4:$P$62,11,FALSE) -> 최창길 | F59: Y | G59: 운영 | H59: On-Premise | J59: CS | K59: IIS 10 | M59: C03VP-LUPD-AP1 | N59: 10.247.90.145 | O59: 3389 | P59: Windows Server 2022 Standard | Q59: http://lims-update.skchemicals.com | R59: 울산 | S59: *.skchemicals.com | T59: 비대상 | AB59: 엔티스LIMS/파마LIMS/플라즈마LIMS/플라즈마MIS가 동일 IIS사용(패치배포용)
A60: =VLOOKUP(B60,'서비스 Master'!$C$4:$D$62,2,FALSE) -> 27 | B60: SK케미칼 매입통합 | C60: =VLOOKUP(B60,'서비스 Master'!$C$4:$P$62,14,FALSE) -> 명진 | D60: =VLOOKUP(B60,'서비스 Master'!$C$4:$P$62,10,FALSE) -> 이인 | E60: =VLOOKUP(B60,'서비스 Master'!$C$4:$P$62,11,FALSE) -> 윤호정 | F60: Y | G60: 운영 | H60: On-Premise | J60: WEB | M60: C01VP-SBILL-AP1 | N60: 168.154.160.48 | O60: 53389 | P60: Windows Server 2022 Standard | R60: 본사 | S60: *.skchemicals.com | T60: 비대상 | U60: C01VP-IDB-DB | V60: 10.247.243.23 | W60: 51433 | X60: SBMS_MS | Y60: MSSQL 2019 | Z60: 4.2 | AA60: TDE | AB60: 스마트빌(스크레핑) 서버
A61: =VLOOKUP(B61,'서비스 Master'!$C$4:$D$62,2,FALSE) -> 28 | B61: 내부통제시스템 | C61: =VLOOKUP(B61,'서비스 Master'!$C$4:$P$62,14,FALSE) -> 명진 | D61: =VLOOKUP(B61,'서비스 Master'!$C$4:$P$62,10,FALSE) -> 이인 | E61: =VLOOKUP(B61,'서비스 Master'!$C$4:$P$62,11,FALSE) -> 김소영/황영주 | F61: Y | G61: 운영 | H61: AWS | J61: WEB | K61: IIS 10 | M61: C33CP-IAC-AP1 | N61: 10.247.222.16 | P61: Windows 10 Enterprise | Q61: https://ksox.skchemicals.com/ | S61: *.skchemicals.com | T61: PEM | U61: C31CP-MDIS-DB2 | V61: 10.247.220.149 | W61: 51433 | X61: CIAC | Y61: MSSQL 2017 | Z61: 0.2 | AB61: (케미칼) 서버 IP : 10.247.222.16, DB명 : CIAC / (디스커버리) 서버 IP : 10.247.222.17, DB명 : SKDISCOVERY_DATA_KSOX
A62: =VLOOKUP(B62,'서비스 Master'!$C$4:$D$62,2,FALSE) -> 28 | B62: 내부통제시스템 | C62: =VLOOKUP(B62,'서비스 Master'!$C$4:$P$62,14,FALSE) -> 명진 | D62: =VLOOKUP(B62,'서비스 Master'!$C$4:$P$62,10,FALSE) -> 이인 | E62: =VLOOKUP(B62,'서비스 Master'!$C$4:$P$62,11,FALSE) -> 김소영/황영주 | F62: Y | G62: 개발 | H62: AWS | J62: WEB | K62: IIS 10 | M62: C33CD-IAC-AP1 | N62: 10.247.217.16 | P62: Windows 10 Enterprise | Q62: https://ksox-dev.skdiscovery.com | S62: *.skchemicals.com | T62: PEM | U62: C31CD-MDIS-DB1 | V62: 10.247.216.152 | W62: 51433 | X62: CIAC_DEV | Y62: MSSQL 2017 | Z62: 0.1 | AB62: (케미칼) 서버 IP : 10.247.217.16, DB명 : CIAC_DEV / (디스커버리) 서버 IP : 10.247.217.17, DB명 : SKDISCOVERY_DATA_KSOX
A63: =VLOOKUP(B63,'서비스 Master'!$C$4:$D$62,2,FALSE) -> 28 | B63: 내부통제시스템 | C63: =VLOOKUP(B63,'서비스 Master'!$C$4:$P$62,14,FALSE) -> 명진 | D63: =VLOOKUP(B63,'서비스 Master'!$C$4:$P$62,10,FALSE) -> 이인 | E63: =VLOOKUP(B63,'서비스 Master'!$C$4:$P$62,11,FALSE) -> 김소영/황영주 | F63: Y | G63: 운영 | H63: AWS | J63: WEB | K63: IIS 10 | M63: D33CP-IAC-AP1 | N63: 10.247.222.17 | P63: Windows 10 Enterprise | Q63: https://ksox.skchemicals.com/ | S63: *.skchemicals.com | T63: PEM | U63: C31CP-MDIS-DB2 | V63: 10.247.220.149 | W63: 51433 | X63: SKDISCOVERY_DATA_KSOX | Y63: MSSQL 2017 | Z63: 0.4 | AB63: 디스커버리
A64: =VLOOKUP(B64,'서비스 Master'!$C$4:$D$62,2,FALSE) -> 28 | B64: 내부통제시스템 | C64: =VLOOKUP(B64,'서비스 Master'!$C$4:$P$62,14,FALSE) -> 명진 | D64: =VLOOKUP(B64,'서비스 Master'!$C$4:$P$62,10,FALSE) -> 이인 | E64: =VLOOKUP(B64,'서비스 Master'!$C$4:$P$62,11,FALSE) -> 김소영/황영주 | F64: Y | G64: 개발 | H64: AWS | J64: WEB | K64: IIS 10 | M64: D33CD-IAC-AP1 | N64: 10.247.217.17 | P64: Windows 10 Enterprise | Q64: https://ksox-dev.skdiscovery.com | S64: *.skchemicals.com | T64: PEM | U64: C31CD-MDIS-DB1 | V64: 10.247.216.152 | W64: 51433 | X64: SKDISCOVERY_DATA_KSOX | Y64: MSSQL 2017 | Z64: 0 | AB64: 디스커버리
A65: =VLOOKUP(B65,'서비스 Master'!$C$4:$D$62,2,FALSE) -> 29 | B65: 비용정산 | C65: =VLOOKUP(B65,'서비스 Master'!$C$4:$P$62,14,FALSE) -> 명진 | D65: =VLOOKUP(B65,'서비스 Master'!$C$4:$P$62,10,FALSE) -> 이인 | E65: =VLOOKUP(B65,'서비스 Master'!$C$4:$P$62,11,FALSE) -> 김민준 | F65: Y | G65: 운영 | H65: AWS | J65: WEB | K65: Apache 2.4.53 | L65: Tomcat 9.0.26 | M65: C33CP-EXPP-WEB1 | N65: 10.247.222.23 | P65: Windows Serveer 2019 Datacenter | Q65: https://etam.skchemicals.com | S65: *.skchemicals.com | T65: PEM | U65: C31CP-MDIS-DB2 | V65: 10.247.220.149 | W65: 51433 | X65: SKCEACCDB | Y65: MSSQL 2017 | Z65: 41.5 | AB65: 운영
A66: =VLOOKUP(B66,'서비스 Master'!$C$4:$D$62,2,FALSE) -> 29 | B66: 비용정산 | C66: =VLOOKUP(B66,'서비스 Master'!$C$4:$P$62,14,FALSE) -> 명진 | D66: =VLOOKUP(B66,'서비스 Master'!$C$4:$P$62,10,FALSE) -> 이인 | E66: =VLOOKUP(B66,'서비스 Master'!$C$4:$P$62,11,FALSE) -> 김민준 | F66: Y | G66: 개발 | H66: AWS | J66: WEB | K66: Apache 2.4.53 | L66: Tomcat 9.0.62 | M66: C33CD-EXPP-WEB1 | N66: 10.247.217.23 | P66: Windows Serveer 2019 Datacenter | Q66: https://etam-dev.skchemicals.com | S66: *.skchemicals.com | T66: PEM | U66: C31CD-MDIS-DB1 | V66: 10.247.216.152 | W66: 51433 | X66: SKCHEMDEV | Y66: MSSQL 2017 | Z66: 5.5 | AB66: 개발
A67: =VLOOKUP(B67,'서비스 Master'!$C$4:$D$62,2,FALSE) -> 29 | B67: 비용정산 | C67: =VLOOKUP(B67,'서비스 Master'!$C$4:$P$62,14,FALSE) -> 명진 | D67: =VLOOKUP(B67,'서비스 Master'!$C$4:$P$62,10,FALSE) -> 이인 | E67: =VLOOKUP(B67,'서비스 Master'!$C$4:$P$62,11,FALSE) -> 김민준 | F67: Y | G67: 운영 | H67: AWS | J67: Mobile | K67: Apache 2.4.53 | M67: C33CP-EXPM-WEB1 | N67: 10.247.222.22 | P67: Windows Serveer 2019 Datacenter | Q67: https://metam.skchemicals.com | S67: *.skchemicals.com | T67: PEM | AB67: 모바일 운영(WEB서버)
A68: =VLOOKUP(B68,'서비스 Master'!$C$4:$D$62,2,FALSE) -> 29 | B68: 비용정산 | C68: =VLOOKUP(B68,'서비스 Master'!$C$4:$P$62,14,FALSE) -> 명진 | D68: =VLOOKUP(B68,'서비스 Master'!$C$4:$P$62,10,FALSE) -> 이인 | E68: =VLOOKUP(B68,'서비스 Master'!$C$4:$P$62,11,FALSE) -> 김민준 | F68: Y | G68: 개발 | H68: AWS | J68: Mobile | K68: Apache 2.4.53 | M68: C33CD-EXPM-WEB1 | N68: 10.247.217.22 | P68: Windows Serveer 2019 Datacenter | Q68: https://metam-dev.skchemicals.com | S68: *.skchemicals.com | T68: PEM | AB68: 모바일 개발(WEB서버)
A69: =VLOOKUP(B69,'서비스 Master'!$C$4:$D$62,2,FALSE) -> 30 | B69: 비용정산 파투아 | C69: =VLOOKUP(B69,'서비스 Master'!$C$4:$P$62,14,FALSE) -> 명진 | D69: =VLOOKUP(B69,'서비스 Master'!$C$4:$P$62,10,FALSE) -> 이인 | E69: =VLOOKUP(B69,'서비스 Master'!$C$4:$P$62,11,FALSE) -> 박우선 | F69: Y | G69: 운영 | H69: AWS | J69: 기타 | U69: C33CP-CCD-DB1 | V69: 10.247.222.24 | W69: 33817 | X69: tmpVCCS, VCCSSME | Y69: MSSQL 2017 | Z69: 3.2
A70: =VLOOKUP(B70,'서비스 Master'!$C$4:$D$62,2,FALSE) -> 31 | B70: 비용정산(전자증빙) | C70: =VLOOKUP(B70,'서비스 Master'!$C$4:$P$62,14,FALSE) -> 명진 | D70: =VLOOKUP(B70,'서비스 Master'!$C$4:$P$62,10,FALSE) -> 이인 | E70: =VLOOKUP(B70,'서비스 Master'!$C$4:$P$62,11,FALSE) -> 이상민 | F70: Y | G70: 운영 | H70: AWS | J70: 기타 | K70: Apache 2.4.53 | L70: Tomcat 9.0.26 | M70: C33CP-EXPP_WEB1_WTS_AWS | N70: 10.247.222.23 | O70: 9783 | P70: Windows Server 2019 Standard | Q70: https://etam.skchemicals.com | S70: *.skchemicals.com | T70: PEM | U70: C31CP-MDIS-DB2 | V70: 10.247.220.149 | W70: 51433 | X70: OfficeEDMS | Y70: MSSQL 2017 | Z70: 6.1
A71: =VLOOKUP(B71,'서비스 Master'!$C$4:$D$62,2,FALSE) -> 31 | B71: 비용정산(전자증빙) | C71: =VLOOKUP(B71,'서비스 Master'!$C$4:$P$62,14,FALSE) -> 명진 | D71: =VLOOKUP(B71,'서비스 Master'!$C$4:$P$62,10,FALSE) -> 이인 | E71: =VLOOKUP(B71,'서비스 Master'!$C$4:$P$62,11,FALSE) -> 이상민 | F71: Y | G71: 개발 | H71: AWS | J71: 기타 | K71: Apache 2.4.53 | L71: Tomcat 9.0.62 | M71: C33CD-EXPP-WEB1_WTS_AWS | N71: 10.247.217.23 | O71: 9783 | P71: Windows Server 2019 Standard | Q71: https://etam-dev.skchemicals.com | S71: *.skchemicals.com | T71: PEM | U71: C31CD-MDIS-DB1 | V71: 10.247.216.152 | W71: 51433 | X71: OfficeEDM | Y71: MSSQL 2017 | Z71: 1.8
A72: =VLOOKUP(B72,'서비스 Master'!$C$4:$D$62,2,FALSE) -> 32 | B72: 전자세금계산서 | C72: =VLOOKUP(B72,'서비스 Master'!$C$4:$P$62,14,FALSE) -> 명진 | D72: =VLOOKUP(B72,'서비스 Master'!$C$4:$P$62,10,FALSE) -> 이인 | E72: =VLOOKUP(B72,'서비스 Master'!$C$4:$P$62,11,FALSE) -> 김학준/이기석 | F72: Y | G72: 운영 | H72: AWS | J72: WEB | K72: Apache 2.4.41 | L72: Tomcat 9.0.22 | M72: C31CP-ETA-WEB1 | N72: 10.247.216.23 | O72: 3389 | P72: Windows Server 2019 Standard | Q72: https://www.skyebill.com/ | S72: *.skchemicals.com | T72: PEM | U72: C31CP-MDIS-DB2 | V72: 10.247.220.149 | W72: 51433 | X72: SKCETAXDB | Y72: MSSQL 2017 | Z72: 7.7
A73: =VLOOKUP(B73,'서비스 Master'!$C$4:$D$62,2,FALSE) -> 32 | B73: 전자세금계산서 | C73: =VLOOKUP(B73,'서비스 Master'!$C$4:$P$62,14,FALSE) -> 명진 | D73: =VLOOKUP(B73,'서비스 Master'!$C$4:$P$62,10,FALSE) -> 이인 | E73: =VLOOKUP(B73,'서비스 Master'!$C$4:$P$62,11,FALSE) -> 김학준/이기석 | F73: Y | G73: 개발 | H73: AWS | J73: WEB | K73: Apache 2.4.54 | L73: Tomcat 9.0.22 | M73: C31CD-ETA-WEB1 | N73: 10.247.220.23 | O73: 53389 | P73: Windows Server 2019 Standard | Q73: https://dev.skyebill.com | S73: *.skchemicals.com | T73: PEM | U73: C31CD-MDIS-DB1 | V73: 10.247.216.152 | W73: 51433 | X73: SKCETAXDB | Y73: MSSQL 2017 | Z73: 1.3
A74: =VLOOKUP(B74,'서비스 Master'!$C$4:$D$62,2,FALSE) -> 33 | B74: MSDS 서비스 | C74: =VLOOKUP(B74,'서비스 Master'!$C$4:$P$62,14,FALSE) -> 김햇빛 | D74: =VLOOKUP(B74,'서비스 Master'!$C$4:$P$62,10,FALSE) -> 이용재 | E74: =VLOOKUP(B74,'서비스 Master'!$C$4:$P$62,11,FALSE) -> 우은정 | F74: Y | G74: 운영 | H74: AWS | J74: WEB | K74: Apache 2.4.33 | L74: Tomcat 9.0.78 | M74: C33CP-MSDS-WEB1 | N74: 10.247.222.110 | O74: 8080,443 | P74: Windows Server 2019 Standard | Q74: https://gmsds.skchemicals.com | S74: *.skchemicals.com | T74: PEM | U74: C31CP-MDIS-DB2 | V74: 10.247.220.149 | W74: 51433 | X74: CSC_DB | Y74: MSSQL 2017 | Z74: 22.3 | AB74: 통합 EC2 DB
A75: =VLOOKUP(B75,'서비스 Master'!$C$4:$D$62,2,FALSE) -> 33 | B75: MSDS 서비스 | C75: =VLOOKUP(B75,'서비스 Master'!$C$4:$P$62,14,FALSE) -> 김햇빛 | D75: =VLOOKUP(B75,'서비스 Master'!$C$4:$P$62,10,FALSE) -> 이용재 | E75: =VLOOKUP(B75,'서비스 Master'!$C$4:$P$62,11,FALSE) -> 우은정 | F75: Y | G75: 개발 | H75: AWS | J75: WEB | K75: Apache 2.4.57 | L75: Tomcat 9.0.78 | M75: C33CD-MSDS-WEB1 | N75: 10.247.216.123 | O75: 80,443 | P75: Windows Server 2019 Standard | Q75: https://gmsds-dev.skchemicals.com | S75: *.skchemicals.com | T75: PEM | U75: C31CD-MDIS-DB1 | V75: 10.247.216.152 | W75: 51433 | X75: CSC_DB | Y75: MSSQL 2017 | Z75: 22.7 | AB75: 통합 EC2 DB
A76: =VLOOKUP(B76,'서비스 Master'!$C$4:$D$62,2,FALSE) -> 34 | B76: 디테일링서비스 | C76: =VLOOKUP(B76,'서비스 Master'!$C$4:$P$62,14,FALSE) -> 김햇빛 | D76: =VLOOKUP(B76,'서비스 Master'!$C$4:$P$62,10,FALSE) -> 이인 | E76: =VLOOKUP(B76,'서비스 Master'!$C$4:$P$62,11,FALSE) -> 최용진 | F76: N | H76: On-Premise | M76: SKCHEM-IFRSN | N76: 168.154.160.38 | P76: Windows Server 2008 R2 (64-bit) | U76: C01PV-IDB-DB | V76: 10.247.243.23 | X76: journal_new | AB76: 국제 회계 표준 디테일링시스템 웹서버, (구)디테일링 운영 DB 서버, '25년 4월 1일 서비스 종료 이후 BS에서만 사용중
A77: =VLOOKUP(B77,'서비스 Master'!$C$4:$D$62,2,FALSE) -> 35 | B77: 특허관리시스템 | C77: =VLOOKUP(B77,'서비스 Master'!$C$4:$P$62,14,FALSE) -> 김햇빛 | D77: =VLOOKUP(B77,'서비스 Master'!$C$4:$P$62,10,FALSE) -> 이용재 | E77: =VLOOKUP(B77,'서비스 Master'!$C$4:$P$62,11,FALSE) -> 이대현 | F77: Y | G77: 운영 | H77: AWS | J77: WEB | K77: Apache 2.4.25 | L77: Tomcat 9.0.22 | M77: C31CP-PAT-WEB1 | N77: 10.247.220.24 | O77: 443 | P77: Windows Serveer 2019 Datacenter | Q77: https://epatent.skchemicals.com/ | S77: *.skchemicals.com | T77: PEM | U77: C31CP-MDIS-DB2 | V77: 10.247.220.149 | W77: 51433 | X77: SKChemicals_IP-Brain | Y77: MSSQL 2017 | Z77: 6.4 | AB77: 통합 EC2 DB
A78: =VLOOKUP(B78,'서비스 Master'!$C$4:$D$62,2,FALSE) -> 35 | B78: 특허관리시스템 | C78: =VLOOKUP(B78,'서비스 Master'!$C$4:$P$62,14,FALSE) -> 김햇빛 | D78: =VLOOKUP(B78,'서비스 Master'!$C$4:$P$62,10,FALSE) -> 이용재 | E78: =VLOOKUP(B78,'서비스 Master'!$C$4:$P$62,11,FALSE) -> 이대현 | F78: Y | G78: 개발 | H78: AWS | J78: WEB | K78: Apache 2.4.25 | L78: Tomcat 9.0.22 | M78: C31CD-PAT-WEB1 | N78: 10.247.216.24 | O78: 443 | P78: Windows Serveer 2019 Datacenter | Q78: https://dev-epatent.skchemicals.com/ | S78: *.skchemicals.com | T78: PEM | U78: C31CD-MDIS-DB1 | V78: 10.247.216.152 | W78: 51433 | X78: SKChemicals_IP-Brain | Y78: MSSQL 2017 | Z78: 6.4 | AB78: 통합 EC2 DB
A79: =VLOOKUP(B79,'서비스 Master'!$C$4:$D$62,2,FALSE) -> 36 | B79: 화학연구소 CMS | C79: =VLOOKUP(B79,'서비스 Master'!$C$4:$P$62,14,FALSE) -> 김햇빛 | D79: =VLOOKUP(B79,'서비스 Master'!$C$4:$P$62,10,FALSE) -> 이용재 | E79: =VLOOKUP(B79,'서비스 Master'!$C$4:$P$62,11,FALSE) -> 한만석 | F79: Y | G79: 운영 | H79: On-Premise | I79: Server Farm | J79: WEB | L79: Tomcat 9.0.111 | M79: C01VP-CMS-AP1 | N79: 10.247.241.219 | O79: 443 | P79: Windows Server 2019 Standard | Q79: https://cms.skchemicals.com | R79: 본사 | S79: *.skchemicals.com | T79: JKS | U79: C01VP-IDB-DB | V79: 10.247.243.23 | W79: 51433 | X79: CMS | Y79: MSSQL 2019 | Z79: 2.8 | AA79: TDE | AB79: CMS(화학물질관리시스템) | AC79: port 8080
A80: =VLOOKUP(B80,'서비스 Master'!$C$4:$D$62,2,FALSE) -> 36 | B80: 화학연구소 CMS | C80: =VLOOKUP(B80,'서비스 Master'!$C$4:$P$62,14,FALSE) -> 김햇빛 | D80: =VLOOKUP(B80,'서비스 Master'!$C$4:$P$62,10,FALSE) -> 이용재 | E80: =VLOOKUP(B80,'서비스 Master'!$C$4:$P$62,11,FALSE) -> 한만석 | F80: Y | G80: 개발 | H80: On-Premise | I80: Server Farm | J80: WEB | L80: Tomcat 9.0.111 | M80: C01VD-CMS-AP1 | N80: 10.247.246.44 | O80: 443 | P80: Windows Server 2019 Standard | Q80: https://cms-dev.skchemicals.com | R80: 본사 | S80: *.skchemicals.com | T80: JKS | U80: C01VD-IDB-DB1 | V80: 10.247.246.27 | W80: 51433 | X80: CMS_DEV | Y80: MSSQL 2019 | Z80: 0.8 | AA80: TDE | AB80: CMS(화학물질관리시스템) | AC80: port 8080
A81: =VLOOKUP(B81,'서비스 Master'!$C$4:$D$62,2,FALSE) -> 37 | B81: 화학연구소 RPMS | C81: =VLOOKUP(B81,'서비스 Master'!$C$4:$P$62,14,FALSE) -> 김햇빛 | D81: =VLOOKUP(B81,'서비스 Master'!$C$4:$P$62,10,FALSE) -> 이용재 | E81: =VLOOKUP(B81,'서비스 Master'!$C$4:$P$62,11,FALSE) -> 유민아 | F81: Y | G81: 운영 | H81: AWS | J81: WEB | K81: IIS 10 | M81: C33CP-RPMS-AP1 | N81: 10.247.222.12 | P81: Windows Server 2019 Standard | Q81: https://rpmsplus.skchemicals.com | S81: *.skchemicals.com | T81: PFX | U81: C31CP-MDIS-DB2 | V81: 10.247.220.149 | W81: 51433 | X81: GCRPMSP | Y81: MSSQL 2017 | Z81: 29.5 | AB81: 통합 EC2 DB
A82: =VLOOKUP(B82,'서비스 Master'!$C$4:$D$62,2,FALSE) -> 37 | B82: 화학연구소 RPMS | C82: =VLOOKUP(B82,'서비스 Master'!$C$4:$P$62,14,FALSE) -> 김햇빛 | D82: =VLOOKUP(B82,'서비스 Master'!$C$4:$P$62,10,FALSE) -> 이용재 | E82: =VLOOKUP(B82,'서비스 Master'!$C$4:$P$62,11,FALSE) -> 유민아 | F82: Y | G82: 개발 | H82: AWS | J82: WEB | K82: IIS 10 | M82: C33CD-RPMS-AP1 | N82: 10.247.217.12 | O82: 443 | P82: Windows Server 2019 Standard | Q82: https://rpms-dev.skchemicals.com | S82: *.skchemicals.com | T82: PFX | U82: C31CD-MDIS-DB1 | V82: 10.247.216.152 | W82: 51433 | X82: GCRPMSP | Y82: MSSQL 2017 | Z82: 27.4 | AB82: 통합 EC2 DB
A83: =VLOOKUP(B83,'서비스 Master'!$C$4:$D$62,2,FALSE) -> 39 | B83: 안동 SHE | C83: =VLOOKUP(B83,'서비스 Master'!$C$4:$P$62,14,FALSE) -> 임준식 | D83: =VLOOKUP(B83,'서비스 Master'!$C$4:$P$62,10,FALSE) -> 이용재 | E83: =VLOOKUP(B83,'서비스 Master'!$C$4:$P$62,11,FALSE) -> 이재영 | F83: Y | G83: 운영 | H83: On-Premise | I83: Plasma | J83: WEB | K83: Nginx 1.27.1.2 | L83: Tomcat 9.0.111 | M83: P01VP-SHE-AP1 | N83: 10.247.241.41 | O83: 443 | P83: Windows Server 2019 Standard | Q83: https://pshe.skchemicals.com | R83: 본사 | S83: *.skchemicals.com | T83: PEM | U83: C01VP-IDB-DB | V83: 10.247.243.23 | W83: 51433 | X83: PSHE | Y83: MSSQL 2019 | Z83: 22 | AA83: TDE | AB83: SK플라즈마 안동 SHE(임직원, 배치 서비스) | AC83: SQL Mapper: MyBatis 3.5.11
A84: =VLOOKUP(B84,'서비스 Master'!$C$4:$D$62,2,FALSE) -> 39 | B84: 안동 SHE | C84: =VLOOKUP(B84,'서비스 Master'!$C$4:$P$62,14,FALSE) -> 임준식 | D84: =VLOOKUP(B84,'서비스 Master'!$C$4:$P$62,10,FALSE) -> 이용재 | E84: =VLOOKUP(B84,'서비스 Master'!$C$4:$P$62,11,FALSE) -> 이재영 | F84: Y | G84: 개발 | H84: On-Premise | I84: Plasma | J84: WEB | K84: Nginx 1.27.1.2 | L84: Tomcat 9.0.111 | M84: P01VD-SHE-AP1 | N84: 10.247.246.54 | O84: 443 | P84: Windows Server 2019 Standard | Q84: https://dev-pshe.skchemicals.com | R84: 본사 | S84: *.skchemicals.com | T84: PEM | U84: C01VD-IDB-DB1 | V84: 10.247.246.27 | W84: 51433 | X84: PSHE_DEV | Y84: MSSQL 2019 | Z84: 17.5 | AA84: TDE | AB84: SK플라즈마 안동 SHE(임직원, 배치 서비스) - 개발 | AC84: SQL Mapper: MyBatis 3.5.11
A85: =VLOOKUP(B85,'서비스 Master'!$C$4:$D$62,2,FALSE) -> 39 | B85: 안동 SHE | C85: =VLOOKUP(B85,'서비스 Master'!$C$4:$P$62,14,FALSE) -> 임준식 | D85: =VLOOKUP(B85,'서비스 Master'!$C$4:$P$62,10,FALSE) -> 이용재 | E85: =VLOOKUP(B85,'서비스 Master'!$C$4:$P$62,11,FALSE) -> 이재영 | F85: Y | G85: 운영 | H85: On-Premise | I85: DMZ | J85: WEB | K85: Nginx 1.27.1.2 | L85: Tomcat 9.0.111 | M85: P01VP-SHE-AP2 | N85: 168.154.172.151 | O85: 443 | P85: Windows Server 2019 Standard | Q85: https://pshe-partner.skchemicals.com | R85: 본사 | S85: *.skchemicals.com | T85: PEM | U85: C01VP-IDB-DB | V85: 10.247.243.23 | W85: 51433 | X85: PSHE | Y85: MSSQL 2019 | Z85: 22 | AA85: TDE | AB85: SK플라즈마 안동 SHE(협력업체 서비스) | AC85: SQL Mapper: MyBatis 3.5.11
A86: =VLOOKUP(B86,'서비스 Master'!$C$4:$D$62,2,FALSE) -> 39 | B86: 안동 SHE | C86: =VLOOKUP(B86,'서비스 Master'!$C$4:$P$62,14,FALSE) -> 임준식 | D86: =VLOOKUP(B86,'서비스 Master'!$C$4:$P$62,10,FALSE) -> 이용재 | E86: =VLOOKUP(B86,'서비스 Master'!$C$4:$P$62,11,FALSE) -> 이재영 | F86: Y | G86: 개발 | H86: On-Premise | I86: Plasma | J86: WEB | K86: Nginx 1.27.1.2 | L86: Tomcat 9.0.111 | M86: P01VD-SHE-AP2 | N86: 10.247.246.55 | O86: 443 | P86: Windows Server 2019 Standard | Q86: https://dev-pshe-partner.skchemicals.com | R86: 본사 | S86: *.skchemicals.com | T86: PEM | U86: C01VD-IDB-DB1 | V86: 10.247.246.27 | W86: 51433 | X86: PSHE_DEV | Y86: MSSQL 2019 | Z86: 17.5 | AA86: TDE | AB86: SK플라즈마 안동 SHE(협력업체 서비스) - 개발 | AC86: SQL Mapper: MyBatis 3.5.11
A87: =VLOOKUP(B87,'서비스 Master'!$C$4:$D$62,2,FALSE) -> 40 | B87: 청주 SHE | C87: =VLOOKUP(B87,'서비스 Master'!$C$4:$P$62,14,FALSE) -> 박상진 | D87: =VLOOKUP(B87,'서비스 Master'!$C$4:$P$62,10,FALSE) -> 이용재 | E87: =VLOOKUP(B87,'서비스 Master'!$C$4:$P$62,11,FALSE) -> 이재영 | F87: Y | G87: 운영 | H87: On-Premise | I87: Server Farm | J87: WEB | K87: Nginx 1.27.1.2 | L87: Tomcat 9.0.111 | M87: C04VP-SHE-AP1 | N87: 10.247.15.121 | O87: 443 | P87: Windows Server 2019 Standard | Q87: https://cshe.skchemicals.com | R87: 청주 | S87: *.skchemicals.com | T87: PEM | U87: C04VP-MDIS-DB2 | V87: 10.247.15.112 | W87: 51433 | X87: CSHE | Y87: MSSQL 2017 | Z87: 31.8 | AB87: SK케미칼 SHE #1 청주(임직원, 배치 서비스) | AC87: SQL Mapper: MyBatis 3.5.11
A88: =VLOOKUP(B88,'서비스 Master'!$C$4:$D$62,2,FALSE) -> 40 | B88: 청주 SHE | C88: =VLOOKUP(B88,'서비스 Master'!$C$4:$P$62,14,FALSE) -> 박상진 | D88: =VLOOKUP(B88,'서비스 Master'!$C$4:$P$62,10,FALSE) -> 이용재 | E88: =VLOOKUP(B88,'서비스 Master'!$C$4:$P$62,11,FALSE) -> 이재영 | F88: Y | G88: 개발 | H88: On-Premise | I88: Server Farm | J88: WEB | K88: Nginx 1.27.1.2 | L88: Tomcat 9.0.111 | M88: C04VD-SHE-AP1 | N88: 10.247.26.58 | O88: 443 | P88: Windows Server 2019 Standard | Q88: https://dev-cshe.skchemicals.com | R88: 청주 | S88: *.skchemicals.com | T88: PEM | U88: C04VD-MDIS-DB1 | V88: 10.247.26.100 | W88: 51433 | X88: CSHE_DEV | Y88: MSSQL 2017 | Z88: 27.8 | AB88: SK케미칼 SHE #1 청주(임직원, 배치 서비스) - 개발 | AC88: SQL Mapper: MyBatis 3.5.11
A89: =VLOOKUP(B89,'서비스 Master'!$C$4:$D$62,2,FALSE) -> 40 | B89: 청주 SHE | C89: =VLOOKUP(B89,'서비스 Master'!$C$4:$P$62,14,FALSE) -> 박상진 | D89: =VLOOKUP(B89,'서비스 Master'!$C$4:$P$62,10,FALSE) -> 이용재 | E89: =VLOOKUP(B89,'서비스 Master'!$C$4:$P$62,11,FALSE) -> 이재영 | F89: Y | G89: 운영 | H89: On-Premise | I89: DMZ | J89: WEB | K89: Nginx 1.27.1.2 | L89: Tomcat 9.0.111 | M89: C04VP-SHE-AP2 | N89: 10.247.13.166 | O89: 443 | P89: Windows Server 2019 Standard | Q89: https://cshe-partner.skchemicals.com https://cshem.skchemicals.com/admin/auth/login | R89: 청주 | S89: *.skchemicals.com | T89: PEM | U89: C04VP-MDIS-DB2 | V89: 10.247.15.112 | W89: 51433 | X89: CSHE | Y89: MSSQL 2017 | Z89: 31.8 | AB89: SK케미칼 SHE #2 청주(협력업체, 모바일 서비스) | AC89: SQL Mapper: MyBatis 3.5.11
A90: =VLOOKUP(B90,'서비스 Master'!$C$4:$D$62,2,FALSE) -> 40 | B90: 청주 SHE | C90: =VLOOKUP(B90,'서비스 Master'!$C$4:$P$62,14,FALSE) -> 박상진 | D90: =VLOOKUP(B90,'서비스 Master'!$C$4:$P$62,10,FALSE) -> 이용재 | E90: =VLOOKUP(B90,'서비스 Master'!$C$4:$P$62,11,FALSE) -> 이재영 | F90: Y | G90: 개발 | H90: On-Premise | I90: Server Farm | J90: WEB | K90: Nginx 1.27.1.2 | L90: Tomcat 9.0.111 | M90: C04VD-SHE-AP2 | N90: 10.247.26.59 | O90: 443 | P90: Windows Server 2019 Standard | Q90: https://dev-cshe-partner.skchemicals.com https://dev-cshem.skchemicals.com/admin/auth/login | R90: 청주 | S90: *.skchemicals.com | T90: PEM | U90: C04VD-MDIS-DB1 | V90: 10.247.26.100 | W90: 51433 | X90: CSHE_DEV | Y90: MSSQL 2017 | Z90: 27.8 | AB90: SK케미칼 SHE #2 청주(협력업체, 모바일 서비스) - 개발 | AC90: SQL Mapper: MyBatis 3.5.11
A91: =VLOOKUP(B91,'서비스 Master'!$C$4:$D$62,2,FALSE) -> 41 | B91: SCM | C91: =VLOOKUP(B91,'서비스 Master'!$C$4:$P$62,14,FALSE) -> 명진 | D91: =VLOOKUP(B91,'서비스 Master'!$C$4:$P$62,10,FALSE) -> 이용재 | E91: =VLOOKUP(B91,'서비스 Master'!$C$4:$P$62,11,FALSE) -> 최봉진 | F91: Y | G91: 운영 | H91: On-Premise | I91: Server Farm | J91: WEB | L91: Tomcat 8.5.45 | M91: C01VP-GSCM-AP1 | N91: 10.247.241.85 | O91: 443 | P91: Windows Server 2022 Standard | Q91: https://gscm.skchemicals.com | R91: 본사 | S91: *.skchemicals.com | T91: JKS | U91: C01VP-IDB-DB | V91: 10.247.243.23 | W91: 51433 | X91: T3SMARTSCM_NEW | Y91: MSSQL 2019 | Z91: 287.4 | AA91: TDE | AB91: SCM 프로젝트 ( 운영 )
A92: =VLOOKUP(B92,'서비스 Master'!$C$4:$D$62,2,FALSE) -> 41 | B92: SCM | C92: =VLOOKUP(B92,'서비스 Master'!$C$4:$P$62,14,FALSE) -> 명진 | D92: =VLOOKUP(B92,'서비스 Master'!$C$4:$P$62,10,FALSE) -> 이용재 | E92: =VLOOKUP(B92,'서비스 Master'!$C$4:$P$62,11,FALSE) -> 최봉진 | F92: Y | G92: 개발 | H92: On-Premise | I92: Server Farm | J92: WEB | L92: Tomcat 8.5.100 | M92: C01VD-GSCM-AP1 | N92: 10.247.246.47 | O92: 443 | P92: Windows Server 2022 Standard | Q92: https://gscm-dev.skchemicals.com | R92: 본사 | S92: *.skchemicals.com | T92: JKS | U92: C01VD-IDB-DB1 | V92: 10.247.246.27 | W92: 51433 | X92: T3SMARTSCM_NEW | Y92: MSSQL 2019 | Z92: 266.6 | AA92: TDE | AB92: SCM 프로젝트 ( 개발 )
A93: =VLOOKUP(B93,'서비스 Master'!$C$4:$D$62,2,FALSE) -> 41 | B93: SCM | C93: =VLOOKUP(B93,'서비스 Master'!$C$4:$P$62,14,FALSE) -> 명진 | D93: =VLOOKUP(B93,'서비스 Master'!$C$4:$P$62,10,FALSE) -> 이용재 | E93: =VLOOKUP(B93,'서비스 Master'!$C$4:$P$62,11,FALSE) -> 최봉진 | F93: N | G93: 운영 | H93: On-Premise | I93: Server Farm | L93: Tomcat 9.0.27 | M93: C01VP-SCM-AP1 | N93: 10.247.241.14 | P93: Windows Server 2016 Standard | U93: C01PV-IDB-DB | V93: 10.247.243.23 | X93: T3SMARTSCM_NEW | Y93: MSSQL 2019 | AA93: TDE | AB93: 기존 SCM 시스템 서비스 종료
A94: =VLOOKUP(B94,'서비스 Master'!$C$4:$D$62,2,FALSE) -> 43 | B94: 엔티스 LIMS | C94: =VLOOKUP(B94,'서비스 Master'!$C$4:$P$62,14,FALSE) -> 명진 | D94: =VLOOKUP(B94,'서비스 Master'!$C$4:$P$62,10,FALSE) -> 이용재 | E94: =VLOOKUP(B94,'서비스 Master'!$C$4:$P$62,11,FALSE) -> 최창길/김기정 | F94: Y | G94: 운영 | H94: On-Premise | I94: Server Farm | J94: CS | K94: IIS 10 | M94: C03VP-LUPD-AP1 | N94: 10.247.90.145 | O94: 3389 | P94: Windows Server 2022 Standard | Q94: http://lims-update.skchemicals.com | R94: 울산 | S94: *.skchemicals.com | T94: 비대상 | AB94: 엔티스LIMS/파마LIMS/플라즈마LIMS/플라즈마MIS가 동일 IIS사용(패치배포용) | AC94: IIS와 MSSQL이 동일 서버에서 운영 IIS 전용 서버
A95: =VLOOKUP(B95,'서비스 Master'!$C$4:$D$62,2,FALSE) -> 43 | B95: 엔티스 LIMS | C95: =VLOOKUP(B95,'서비스 Master'!$C$4:$P$62,14,FALSE) -> 명진 | D95: =VLOOKUP(B95,'서비스 Master'!$C$4:$P$62,10,FALSE) -> 이용재 | E95: =VLOOKUP(B95,'서비스 Master'!$C$4:$P$62,11,FALSE) -> 최창길/김기정 | F95: Y | G95: 운영 | H95: On-Premise | I95: Server Farm | J95: CS | R95: 울산 | T95: 비대상 | U95: SKCHEM-LIMS | V95: 168.154.168.145 | W95: 1433 | X95: SK_LIMSUCB | Y95: MSSQL 2008 | Z95: 0.8 | AC95: IIS와 MSSQL이 동일 서버에서 운영 MSSQL 전용 서버
A96: =VLOOKUP(B96,'서비스 Master'!$C$4:$D$62,2,FALSE) -> 44 | B96: 파마 LIMS | C96: =VLOOKUP(B96,'서비스 Master'!$C$4:$P$62,14,FALSE) -> 박상진 | D96: =VLOOKUP(B96,'서비스 Master'!$C$4:$P$62,10,FALSE) -> 이용재 | E96: =VLOOKUP(B96,'서비스 Master'!$C$4:$P$62,11,FALSE) -> 최창길/김기정 | F96: N | G96: 운영 | H96: On-Premise | I96: Server Farm | J96: CS | K96: IIS 10 | M96: C04VP-LIMS-AP1 | N96: 10.247.15.61 | O96: 3389 | P96: Windows Server 2019 Standard | Q96: - | R96: 청주 | S96: *.skchemicals.com | T96: 비대상 | AB96: 청주LIMS (구)LIMS 데이터 조회용 1. (I/F) 웹 서버 lims.skchemicals.com는 LS서비스 중단, BS만 사용
A97: =VLOOKUP(B97,'서비스 Master'!$C$4:$D$62,2,FALSE) -> 44 | B97: 파마 LIMS | C97: =VLOOKUP(B97,'서비스 Master'!$C$4:$P$62,14,FALSE) -> 박상진 | D97: =VLOOKUP(B97,'서비스 Master'!$C$4:$P$62,10,FALSE) -> 이용재 | E97: =VLOOKUP(B97,'서비스 Master'!$C$4:$P$62,11,FALSE) -> 최창길/김기정 | F97: Y | G97: 개발 | H97: On-Premise | J97: CS | Q97: - | R97: 본사 | U97: ORADEV | V97: 168.154.160.241 | W97: 1521 | X97: PHARMDEV | Y97: Oracle 10g | Z97: 0 | AB97: 과거 LS-MIS 개발 DB, 현재 미사용
A98: =VLOOKUP(B98,'서비스 Master'!$C$4:$D$62,2,FALSE) -> 44 | B98: 파마 LIMS | C98: =VLOOKUP(B98,'서비스 Master'!$C$4:$P$62,14,FALSE) -> 박상진 | D98: =VLOOKUP(B98,'서비스 Master'!$C$4:$P$62,10,FALSE) -> 이용재 | E98: =VLOOKUP(B98,'서비스 Master'!$C$4:$P$62,11,FALSE) -> 최창길/김기정 | F98: Y | G98: 운영 | H98: On-Premise | I98: Server Farm | J98: CS | K98: IIS 10 | M98: C03VP-LUPD-AP1 | N98: 10.247.90.145 | O98: 3389 | P98: Windows Server 2022 Standard | Q98: http://lims-update.skchemicals.com | R98: 울산 | S98: *.skchemicals.com | T98: 비대상 | U98: C04VP-MIS-DB2 | V98: 10.247.15.47 | W98: 1521 | X98: SKPHARM | Y98: Oracle 10g | AB98: 엔티스LIMS/파마LIMS/플라즈마LIMS/플라즈마MIS가 동일 IIS사용(패치배포용)
A99: =VLOOKUP(B99,'서비스 Master'!$C$4:$D$62,2,FALSE) -> 45 | B99: 플라즈마 LIMS | C99: =VLOOKUP(B99,'서비스 Master'!$C$4:$P$62,14,FALSE) -> 임준식 | D99: =VLOOKUP(B99,'서비스 Master'!$C$4:$P$62,10,FALSE) -> 이용재 | E99: =VLOOKUP(B99,'서비스 Master'!$C$4:$P$62,11,FALSE) -> 최창길/김기정 | F99: Y | G99: 운영 | H99: On-Premise | I99: Server Farm | J99: CS | K99: IIS 10 | M99: C03VP-LUPD-AP1 | N99: 10.247.90.145 | O99: 3389 | P99: Windows Server 2022 Standard | Q99: http://lims-update.skchemicals.com | R99: 울산/본사(DB) | S99: *.skchemicals.com | T99: 비대상 | U99: SK-PBDB1 | V99: 168.154.160.108 | W99: 1521 | X99: PBMKT | Y99: Oracle 10g | Z99: 4 | AB99: 엔티스LIMS/파마LIMS/플라즈마LIMS/플라즈마MIS가 동일 IIS사용(패치배포용)
A100: =VLOOKUP(B100,'서비스 Master'!$C$4:$D$62,2,FALSE) -> 45 | B100: 플라즈마 LIMS | C100: =VLOOKUP(B100,'서비스 Master'!$C$4:$P$62,14,FALSE) -> 임준식 | D100: =VLOOKUP(B100,'서비스 Master'!$C$4:$P$62,10,FALSE) -> 이용재 | E100: =VLOOKUP(B100,'서비스 Master'!$C$4:$P$62,11,FALSE) -> 최창길/김기정 | F100: Y | G100: 개발 | H100: On-Premise | J100: CS | Q100: - | R100: 본사 | U100: SKCHEM-PB | V100: 168.154.160.184 | W100: 1521 | X100: PBSDEV | Y100: Oracle 10g | Z100: 0 | AB100: 미사용
A101: =VLOOKUP(B101,'서비스 Master'!$C$4:$D$62,2,FALSE) -> 46 | B101: EDI | C101: =VLOOKUP(B101,'서비스 Master'!$C$4:$P$62,14,FALSE) -> 명진 | D101: =VLOOKUP(B101,'서비스 Master'!$C$4:$P$62,10,FALSE) -> 이용재 | E101: =VLOOKUP(B101,'서비스 Master'!$C$4:$P$62,11,FALSE) -> 최슬기 | F101: Y | G101: 운영 | H101: On-Premise | I101: DMZ | J101: WEB | K101: IIS 7.5 | L101: Tomcat 9.0.111 | M101: SKCH-EDIPWEB1 | N101: 168.154.172.138 | O101: 3389 | P101: Windows Server 2008 R2 (64-bit) | Q101: https://ready-edi.skchemicals.com | R101: 본사 | S101: *.skchemicals.com | T101: PFX | U101: SKCH-EDIPDB1 | V101: 168.154.160.83 | W101: 1433 | X101: readyedi edicus helpadapter HelpRefund(유지보수해지) HelpXML(유지보수 해지) | Y101: MSSQL 2008 | Z101: 11.3 | AB101: Window server 2008 사용으로 IIS 업그레이드 불가
...

Sheet 비상연락망
A2: 구분 | B2: 시스템명 | C2: 고객사담당자 | D2: C&C담당자 | E2: 협력 | F2: 상주여부 | G2: 사번 | H2: 업체명 | I2: {=_xlfn.XLOOKUP(D2,비상연락망!B:L,비상연락망!B:B)} -> #VALUE! | J2: 메일주소 | K2: 외부메일주소 | L2: 비고(특이사항)
A3: 경영지원 | B3: HR G/W HCM G/W | C3: =VLOOKUP(B3,'서비스 Master'!$C$4:$P$62,14,FALSE) -> 김햇빛 | D3: =VLOOKUP(B3,'서비스 Master'!$C$4:$P$62,10,FALSE) -> 조래옥 | E3: =VLOOKUP(B3,'서비스 Master'!$C$4:$P$62,11,FALSE) -> 유원혁 | F3: 상주 | G3: I21026 | H3: 씨앤토트플러스 | I3: 010-2907-1408 | J3: wonhyuckyu@partner.sk.com
B4: MDM 시스템 | C4: =VLOOKUP(B4,'서비스 Master'!$C$4:$P$62,14,FALSE) -> 유현상 | D4: =VLOOKUP(B4,'서비스 Master'!$C$4:$P$62,10,FALSE) -> 이용재 | E4: =VLOOKUP(B4,'서비스 Master'!$C$4:$P$62,11,FALSE) -> 민준홍 | F4: 비상주 | G4: I24501 | H4: 에델웨이 | I4: 010-8637-0074 | J4: alswnsghd1234@partner.sk.com | K4: mjh@tobeway.com | L4: 5/8 현행화(송효경 퇴사로 대체)
B5: MDM 유지보수 | C5: =VLOOKUP(B5,'서비스 Master'!$C$4:$P$62,14,FALSE) -> 0 | D5: =VLOOKUP(B5,'서비스 Master'!$C$4:$P$62,10,FALSE) -> 0 | E5: =VLOOKUP(B5,'서비스 Master'!$C$4:$P$62,11,FALSE) -> 0 | L5: 솔루션 유지보수
B6: PMO | C6: =VLOOKUP(B6,'서비스 Master'!$C$4:$P$62,14,FALSE) -> 민석홍 | D6: =VLOOKUP(B6,'서비스 Master'!$C$4:$P$62,10,FALSE) -> 조래옥 | E6: =VLOOKUP(B6,'서비스 Master'!$C$4:$P$62,11,FALSE) -> 최문석/홍명기 | F6: 상주 | G6: I21079/I22361 | H6: 문경컨설팅/제이스랩 | I6: 010-5480-5049/010-4555-8783 | J6: moonseok.c@partner.sk.com; myungki.89@partner.sk.com | K6: myungki@hotmail.com
B7: RPA | C7: =VLOOKUP(B7,'서비스 Master'!$C$4:$P$62,14,FALSE) -> 김햇빛 | D7: =VLOOKUP(B7,'서비스 Master'!$C$4:$P$62,10,FALSE) -> 이인 | E7: =VLOOKUP(B7,'서비스 Master'!$C$4:$P$62,11,FALSE) -> 김건휘 | F7: 비상주 | G7: I23106/I23198 | H7: 아트만파트너스 | I7: 010-4818-3476 | J7: ttttuo@partner.sk.com | K7: ttttuo@myatman.com
B8: UI/UX | C8: =VLOOKUP(B8,'서비스 Master'!$C$4:$P$62,14,FALSE) -> 김햇빛 | D8: =VLOOKUP(B8,'서비스 Master'!$C$4:$P$62,10,FALSE) -> 조래옥 | E8: =VLOOKUP(B8,'서비스 Master'!$C$4:$P$62,11,FALSE) -> 양미라 | F8: 비상주 | G8: I21023/I24433 | H8: 엘리웍스 | I8: 010-2722-6946 | J8: mirazzan@partner.sk.com | K8: mirazzan1004@naver.com
B9: 구)e-HR | C9: =VLOOKUP(B9,'서비스 Master'!$C$4:$P$62,14,FALSE) -> 김햇빛 | D9: =VLOOKUP(B9,'서비스 Master'!$C$4:$P$62,10,FALSE) -> 조래옥 | E9: =VLOOKUP(B9,'서비스 Master'!$C$4:$P$62,11,FALSE) -> 정정배/김기정 | F9: 상주 | G9: I20607/I23957 | H9: 제이스랩 | I9: 010-3906-3063/010-3156-7763 | J9: psslumber@partner.sk.com; crush0sun.11@partner.sk.com | K9: psslumber@gmail.com; crush0sun@naver.com
B10: 데이터레이크 | C10: =VLOOKUP(B10,'서비스 Master'!$C$4:$P$62,14,FALSE) -> 민석홍 | D10: =VLOOKUP(B10,'서비스 Master'!$C$4:$P$62,10,FALSE) -> 조래옥 | E10: =VLOOKUP(B10,'서비스 Master'!$C$4:$P$62,11,FALSE) -> 경규민 | F10: 상주 | G10: I22455 | H10: 데이터다이나믹스 | I10: 010-8757-9520 | J10: kmkyung.26@partner.sk.com | K10: kyumin.kyung@data-dynamics.io
B11: 데이터포털 | C11: =VLOOKUP(B11,'서비스 Master'!$C$4:$P$62,14,FALSE) -> 민석홍 | D11: =VLOOKUP(B11,'서비스 Master'!$C$4:$P$62,10,FALSE) -> 조래옥 | E11: =VLOOKUP(B11,'서비스 Master'!$C$4:$P$62,11,FALSE) -> 구본호 | F11: 상주 | G11: I24462 | H11: 씨앤토트플러스 | I11: 010-5118-2520 | J11: abonno.55@partner.sk.com | K11: abonno@naver.com
B12: 데이터포털 유지보수 | C12: =VLOOKUP(B12,'서비스 Master'!$C$4:$P$62,14,FALSE) -> 0 | D12: =VLOOKUP(B12,'서비스 Master'!$C$4:$P$62,10,FALSE) -> 0 | E12: =VLOOKUP(B12,'서비스 Master'!$C$4:$P$62,11,FALSE) -> 0 | L12: 솔루션 유지보수
B13: 법무포탈 | C13: =VLOOKUP(B13,'서비스 Master'!$C$4:$P$62,14,FALSE) -> 김햇빛 | D13: =VLOOKUP(B13,'서비스 Master'!$C$4:$P$62,10,FALSE) -> 조래옥 | E13: 김아현 | F13: 비상주 | G13: I24733 | H13: 버텍스아이디 | I13: 010-2770-2956 | J13: ladkgus75.42@partner.sk.com | K13: rladkgus75@vertexid.com | L13: 박지은에서 변경
B14: 스마트오피스 서비스 | C14: =VLOOKUP(B14,'서비스 Master'!$C$4:$P$62,14,FALSE) -> 김햇빛 | D14: =VLOOKUP(B14,'서비스 Master'!$C$4:$P$62,10,FALSE) -> 조래옥 | E14: =VLOOKUP(B14,'서비스 Master'!$C$4:$P$62,11,FALSE) -> 변영운 | F14: 비상주 | G14: I23753 | H14: 동아피엠 | I14: 010-6568-3890 | J14: summer3890@partner.sk.com | K14: summer@dongapm.com | L14: 김우석에서 변경
A15: 기업문화 | B15: ESG Data HUB | C15: =VLOOKUP(B15,'서비스 Master'!$C$4:$P$62,14,FALSE) -> 김햇빛 | D15: =VLOOKUP(B15,'서비스 Master'!$C$4:$P$62,10,FALSE) -> 조래옥 | E15: 한준호 | F15: 비상주 | G15: I23886 | H15: 넥스트나우 | I15: 010-9901-7193 | J15: jh.han.22@partner.sk.com | K15: jh.han@nextnow.kr | L15: 김보성에서 변경
B16: 톡톡 스마트오피스 앱 | C16: =VLOOKUP(B16,'서비스 Master'!$C$4:$P$62,14,FALSE) -> 김햇빛 | D16: =VLOOKUP(B16,'서비스 Master'!$C$4:$P$62,10,FALSE) -> 조래옥 | E16: =VLOOKUP(B16,'서비스 Master'!$C$4:$P$62,11,FALSE) -> 정상률 | F16: 비상주 | G16: I21800 | H16: NTSoft | I16: 010-3070-2278 | J16: ryur0205@partner.sk.com | K16: ryur0205@ntsoft.kr | L16: 8/18 현행화(김은정 육아휴직으로 삭제)
A17: 영업 | B17: CRM (S.Square) | C17: =VLOOKUP(B17,'서비스 Master'!$C$4:$P$62,14,FALSE) -> 김햇빛 | D17: =VLOOKUP(B17,'서비스 Master'!$C$4:$P$62,10,FALSE) -> 이인 | E17: =VLOOKUP(B17,'서비스 Master'!$C$4:$P$62,11,FALSE) -> 박도현 | F17: 상주 | G17: I20913 | H17: 리아연구소 | I17: 010-7177-0716 | J17: dhpark0716@partner.sk.com | K17: dhpark@rialab.co.kr | L17: 25년 2분기 이후 계약 종료
B18: EOS G/W | C18: =VLOOKUP(B18,'서비스 Master'!$C$4:$P$62,14,FALSE) -> 박상진 | D18: =VLOOKUP(B18,'서비스 Master'!$C$4:$P$62,10,FALSE) -> 이인 | E18: =VLOOKUP(B18,'서비스 Master'!$C$4:$P$62,11,FALSE) -> 김기정 | F18: 상주 | G18: I23957 | H18: 제이스랩 | I18: 010-3156-7763 | J18: crush0sun.11@partner.sk.com | K18: crush0sun@naver.com
B19: SIRS | C19: =VLOOKUP(B19,'서비스 Master'!$C$4:$P$62,14,FALSE) -> 박상진 | D19: =VLOOKUP(B19,'서비스 Master'!$C$4:$P$62,10,FALSE) -> 이인 | E19: =VLOOKUP(B19,'서비스 Master'!$C$4:$P$62,11,FALSE) -> 김형일 | F19: 상주 | G19: I22148 | H19: 제이스랩 | I19: 010-8456-7946 | K19: hlkim7766@gmail.com
B20: SKMU 휴폐업 중계서버 | C20: =VLOOKUP(B20,'서비스 Master'!$C$4:$P$62,14,FALSE) -> 0 | D20: =VLOOKUP(B20,'서비스 Master'!$C$4:$P$62,10,FALSE) -> 0 | E20: =VLOOKUP(B20,'서비스 Master'!$C$4:$P$62,11,FALSE) -> 0 | J20: hlkim12@partner.sk.com | L20: 솔루션 유지보수(고객사 직계약)
B21: SK케미칼 휴폐업 중계서버 | C21: =VLOOKUP(B21,'서비스 Master'!$C$4:$P$62,14,FALSE) -> 0 | D21: =VLOOKUP(B21,'서비스 Master'!$C$4:$P$62,10,FALSE) -> 0 | E21: =VLOOKUP(B21,'서비스 Master'!$C$4:$P$62,11,FALSE) -> 0 | L21: 솔루션 유지보수(고객사 직계약)
B22: 마케팅 허브 G/W | C22: =VLOOKUP(B22,'서비스 Master'!$C$4:$P$62,14,FALSE) -> 박상진 | D22: =VLOOKUP(B22,'서비스 Master'!$C$4:$P$62,10,FALSE) -> 이인 | E22: =VLOOKUP(B22,'서비스 Master'!$C$4:$P$62,11,FALSE) -> 김형일 | F22: 상주 | G22: I22148 | H22: 제이스랩 | I22: 010-8456-7946 | J22: hlkim12@partner.sk.com | K22: hlkim7766@gmail.com
B23: 모바일MIS | C23: =VLOOKUP(B23,'서비스 Master'!$C$4:$P$62,14,FALSE) -> 박상진 | D23: =VLOOKUP(B23,'서비스 Master'!$C$4:$P$62,10,FALSE) -> 이인 | E23: =VLOOKUP(B23,'서비스 Master'!$C$4:$P$62,11,FALSE) -> 김형일 | F23: 상주 | G23: I22148 | H23: 제이스랩 | I23: 010-8456-7946 | J23: hlkim12@partner.sk.com | K23: hlkim7766@gmail.com
B24: 엔티스_MIS | C24: =VLOOKUP(B24,'서비스 Master'!$C$4:$P$62,14,FALSE) -> 명진 | D24: =VLOOKUP(B24,'서비스 Master'!$C$4:$P$62,10,FALSE) -> 이인 | E24: =VLOOKUP(B24,'서비스 Master'!$C$4:$P$62,11,FALSE) -> 최창길 | F24: 상주 | G24: I00015 | H24: 제이스랩 | I24: 010-5394-3985 | J24: skchem.i00015@partner.sk.com | K24: ma8665@hanmail.net
B25: 임가공포탈 | C25: =VLOOKUP(B25,'서비스 Master'!$C$4:$P$62,14,FALSE) -> 명진 | D25: =VLOOKUP(B25,'서비스 Master'!$C$4:$P$62,10,FALSE) -> 이용재 | E25: =VLOOKUP(B25,'서비스 Master'!$C$4:$P$62,11,FALSE) -> 구본호 | F25: 상주 | G25: I24462 | H25: 씨앤토트플러스 | I25: 010-5118-2520 | J25: abonno.55@partner.sk.com | K25: abonno@naver.com
B26: 콜센터 | C26: =VLOOKUP(B26,'서비스 Master'!$C$4:$P$62,14,FALSE) -> 박상진 | D26: =VLOOKUP(B26,'서비스 Master'!$C$4:$P$62,10,FALSE) -> 이인 | E26: =VLOOKUP(B26,'서비스 Master'!$C$4:$P$62,11,FALSE) -> 김은수 | F26: 비상주 | G26: I21298 | H26: 이든와이즈 | I26: 010-3369-9305 | J26: eskim@partner.sk.com | K26: eskim@idenwise.com
B27: 파마 MIS | C27: =VLOOKUP(B27,'서비스 Master'!$C$4:$P$62,14,FALSE) -> 박상진 | D27: =VLOOKUP(B27,'서비스 Master'!$C$4:$P$62,10,FALSE) -> 이인 | E27: =VLOOKUP(B27,'서비스 Master'!$C$4:$P$62,11,FALSE) -> 정정배/김기정 | F27: 상주 | G27: I20607/I23957 | H27: 제이스랩 | I27: 010-3906-3063/010-3156-7763 | J27: psslumber@partner.sk.com; crush0sun.11@partner.sk.com | K27: psslumber@gmail.com; crush0sun@naver.com
B28: 파마 SFE | C28: =VLOOKUP(B28,'서비스 Master'!$C$4:$P$62,14,FALSE) -> 박상진 | D28: =VLOOKUP(B28,'서비스 Master'!$C$4:$P$62,10,FALSE) -> 이인 | E28: =VLOOKUP(B28,'서비스 Master'!$C$4:$P$62,11,FALSE) -> 김형일 | F28: 상주 | G28: I22148 | H28: 제이스랩 | I28: 010-8456-7946 | J28: hlkim12@partner.sk.com | K28: hlkim7766@gmail.com
B29: 플라즈마 SFE | C29: =VLOOKUP(B29,'서비스 Master'!$C$4:$P$62,14,FALSE) -> 임준식 | D29: =VLOOKUP(B29,'서비스 Master'!$C$4:$P$62,10,FALSE) -> 이인 | E29: =VLOOKUP(B29,'서비스 Master'!$C$4:$P$62,11,FALSE) -> 최용진 | F29: 상주 | G29: I24377 | H29: 제이스랩 | I29: 010-9990-4875 | J29: wy273.53@partner.sk.com | K29: wy273@naver.com
B30: 플라즈마_MIS | C30: =VLOOKUP(B30,'서비스 Master'!$C$4:$P$62,14,FALSE) -> 임준식 | D30: =VLOOKUP(B30,'서비스 Master'!$C$4:$P$62,10,FALSE) -> 이인 | E30: =VLOOKUP(B30,'서비스 Master'!$C$4:$P$62,11,FALSE) -> 최창길 | F30: 상주 | G30: I00015 | H30: 제이스랩 | I30: 010-5394-3985 | J30: skchem.i00015@partner.sk.com | K30: ma8665@hanmail.net
A31: 재무 | B31: SKMU 세금계산서 | C31: =VLOOKUP(B31,'서비스 Master'!$C$4:$P$62,14,FALSE) -> 0 | D31: =VLOOKUP(B31,'서비스 Master'!$C$4:$P$62,10,FALSE) -> 0 | E31: =VLOOKUP(B31,'서비스 Master'!$C$4:$P$62,11,FALSE) -> 0 | L31: 솔루션 유지보수(고객사 직계약)
B32: SK케미칼 매입통합 | C32: =VLOOKUP(B32,'서비스 Master'!$C$4:$P$62,14,FALSE) -> 명진 | D32: =VLOOKUP(B32,'서비스 Master'!$C$4:$P$62,10,FALSE) -> 이인 | E32: =VLOOKUP(B32,'서비스 Master'!$C$4:$P$62,11,FALSE) -> 윤호정 | F32: 비상주 | G32: I22236 | H32: 비즈니스온커뮤니케이션 | I32: 010-2015-5681 | J32: sb-webjung0868.07@partner.sk.com | K32: webjung@businesson.co.kr
B33: 내부통제시스템 | C33: =VLOOKUP(B33,'서비스 Master'!$C$4:$P$62,14,FALSE) -> 명진 | D33: =VLOOKUP(B33,'서비스 Master'!$C$4:$P$62,10,FALSE) -> 이인 | E33: =VLOOKUP(B33,'서비스 Master'!$C$4:$P$62,11,FALSE) -> 김소영/황영주 | F33: 비상주 | G33: I23407/I23406 | H33: 아이티센 | I33: 02-580-6540/02-580-6539 | K33: icm@itcen.com ; sykim1@itcen.com; yjhwang@itcen.com | L33: 업무관련 메일은 icm@itcen.com 기술지원팀 공용메일로 전달 , 담당자는 2/17 현행화, 영업담당자 최혁준(010-4941-1296, hjchoi@itcen.com)
B34: 비용정산 | C34: =VLOOKUP(B34,'서비스 Master'!$C$4:$P$62,14,FALSE) -> 명진 | D34: =VLOOKUP(B34,'서비스 Master'!$C$4:$P$62,10,FALSE) -> 이인 | E34: =VLOOKUP(B34,'서비스 Master'!$C$4:$P$62,11,FALSE) -> 김민준 | F34: 상주 | G34: I22733 | H34: 인사이트온 | I34: 010-6222-2580 | J34: mj.kim.91@partner.sk.com | K34: minjun0620@gmail.com
B35: 비용정산 파투아 | C35: =VLOOKUP(B35,'서비스 Master'!$C$4:$P$62,14,FALSE) -> 명진 | D35: =VLOOKUP(B35,'서비스 Master'!$C$4:$P$62,10,FALSE) -> 이인 | E35: =VLOOKUP(B35,'서비스 Master'!$C$4:$P$62,11,FALSE) -> 박우선 | F35: 비상주 | G35: N/A | H35: 파투아 | I35: 070-7114-7364 | K35: wooseon@patuah.com | L35: 홍진우(070-7114-7341, spotlight88@patuah.com)에서 변경
B36: 비용정산(전자증빙) | C36: =VLOOKUP(B36,'서비스 Master'!$C$4:$P$62,14,FALSE) -> 명진 | D36: =VLOOKUP(B36,'서비스 Master'!$C$4:$P$62,10,FALSE) -> 이인 | E36: 정찬준 | F36: 비상주 | G36: I21257 | H36: 우남소프트 | I36: 010-7177-3330 | J36: lsmmoon@partner.sk.com | K36: jung1066@woonamsoft.com | L36: 이상민(010-3211-2773, lsmmoon@woonamsoft.com)에서 변경
B37: 전자세금계산서 | C37: =VLOOKUP(B37,'서비스 Master'!$C$4:$P$62,14,FALSE) -> 명진 | D37: =VLOOKUP(B37,'서비스 Master'!$C$4:$P$62,10,FALSE) -> 이인 | E37: =VLOOKUP(B37,'서비스 Master'!$C$4:$P$62,11,FALSE) -> 김학준/이기석 | F37: 비상주 | G37: I24934/I21249 | H37: 이씨뱅크 | I37: 010-4027-7203/010-9979-7961 | K37: k7203@ec-bank.net; yiga80@ec-bank.net | L37: 26/2/27 현행화 (정 김학준 추가, 부 이기석)
A38: R&D | B38: MSDS 서비스 | C38: =VLOOKUP(B38,'서비스 Master'!$C$4:$P$62,14,FALSE) -> 김햇빛 | D38: =VLOOKUP(B38,'서비스 Master'!$C$4:$P$62,10,FALSE) -> 이용재 | E38: =VLOOKUP(B38,'서비스 Master'!$C$4:$P$62,11,FALSE) -> 우은정 | F38: 비상주 | G38: I22935 | H38: 켐토피아 | I38: 070-4361-3022 | K38: eunjung.woo@chemtopia.net
B39: 디테일링서비스 | C39: =VLOOKUP(B39,'서비스 Master'!$C$4:$P$62,14,FALSE) -> 김햇빛 | D39: =VLOOKUP(B39,'서비스 Master'!$C$4:$P$62,10,FALSE) -> 이인 | E39: =VLOOKUP(B39,'서비스 Master'!$C$4:$P$62,11,FALSE) -> 최용진 | F39: 상주 | G39: I24377 | H39: 제이스랩 | I39: 010-9990-4875 | J39: wy273.53@partner.sk.com | K39: wy273@naver.com | L39: 미사용
B40: 특허관리시스템 | C40: =VLOOKUP(B40,'서비스 Master'!$C$4:$P$62,14,FALSE) -> 김햇빛 | D40: =VLOOKUP(B40,'서비스 Master'!$C$4:$P$62,10,FALSE) -> 이용재 | E40: 이대현 | F40: 비상주 | G40: I24830 | H40: 애니파이브 | I40: 010-7513-0768 | J40: leedh.02@partner.sk.com | K40: leedh@anyfive.com | L40: 25/11/17 김호연M→이대현M 변경
B41: 화학연구소 CMS | C41: =VLOOKUP(B41,'서비스 Master'!$C$4:$P$62,14,FALSE) -> 김햇빛 | D41: =VLOOKUP(B41,'서비스 Master'!$C$4:$P$62,10,FALSE) -> 이용재 | E41: =VLOOKUP(B41,'서비스 Master'!$C$4:$P$62,11,FALSE) -> 한만석 | F41: 비상주 | G41: I22679 | H41: 되고시스템 | I41: 010-9878-3771 | K41: hms8117@duegosystem.com | L41: 7/15 운영자 변경('25년 7월 부)
B42: 화학연구소 RPMS | C42: =VLOOKUP(B42,'서비스 Master'!$C$4:$P$62,14,FALSE) -> 김햇빛 | D42: =VLOOKUP(B42,'서비스 Master'!$C$4:$P$62,10,FALSE) -> 이용재 | E42: =VLOOKUP(B42,'서비스 Master'!$C$4:$P$62,11,FALSE) -> 유민아 | F42: 상주 | G42: I21650 | H42: 자이오넥스 | I42: 010-2191-0533 | J42: zionex5@partner.sk.com | K42: minah_yoo@zionex.com
B43: 화학연구소 RPMS 유지보수 | C43: =VLOOKUP(B43,'서비스 Master'!$C$4:$P$62,14,FALSE) -> 0 | D43: =VLOOKUP(B43,'서비스 Master'!$C$4:$P$62,10,FALSE) -> 0 | E43: =VLOOKUP(B43,'서비스 Master'!$C$4:$P$62,11,FALSE) -> 0 | L43: 솔루션 유지보수
A44: SHE | B44: 안동 SHE | C44: =VLOOKUP(B44,'서비스 Master'!$C$4:$P$62,14,FALSE) -> 임준식 | D44: =VLOOKUP(B44,'서비스 Master'!$C$4:$P$62,10,FALSE) -> 이용재 | E44: =VLOOKUP(B44,'서비스 Master'!$C$4:$P$62,11,FALSE) -> 이재영 | F44: 상주 | G44: I23020 | H44: 씨앤토트플러스 | I44: 010-6747-7445 | J44: ljy7445@partner.sk.com | K44: grandline1@naver.com
B45: 청주 SHE | C45: =VLOOKUP(B45,'서비스 Master'!$C$4:$P$62,14,FALSE) -> 박상진 | D45: =VLOOKUP(B45,'서비스 Master'!$C$4:$P$62,10,FALSE) -> 이용재 | E45: =VLOOKUP(B45,'서비스 Master'!$C$4:$P$62,11,FALSE) -> 이재영 | F45: 상주 | G45: I23020 | H45: 씨앤토트플러스 | I45: 010-6747-7445 | J45: ljy7445@partner.sk.com | K45: grandline1@naver.com
A46: 생산 | B46: SCM | C46: =VLOOKUP(B46,'서비스 Master'!$C$4:$P$62,14,FALSE) -> 명진 | D46: =VLOOKUP(B46,'서비스 Master'!$C$4:$P$62,10,FALSE) -> 이용재 | E46: =VLOOKUP(B46,'서비스 Master'!$C$4:$P$62,11,FALSE) -> 최봉진 | F46: 상주 | G46: I24927 | H46: 자이오넥스 | I46: 010-8642-2554 | J46: bongjin_choi.49@partner.sk.com | K46: bongjin_choi@zionex.com | N46: c
B47: SCM 유지보수 | C47: =VLOOKUP(B47,'서비스 Master'!$C$4:$P$62,14,FALSE) -> 0 | D47: =VLOOKUP(B47,'서비스 Master'!$C$4:$P$62,10,FALSE) -> 0 | E47: =VLOOKUP(B47,'서비스 Master'!$C$4:$P$62,11,FALSE) -> 0 | L47: 솔루션 유지보수
A48: 품질 | B48: 엔티스 LIMS | C48: =VLOOKUP(B48,'서비스 Master'!$C$4:$P$62,14,FALSE) -> 명진 | D48: =VLOOKUP(B48,'서비스 Master'!$C$4:$P$62,10,FALSE) -> 이용재 | E48: =VLOOKUP(B48,'서비스 Master'!$C$4:$P$62,11,FALSE) -> 최창길/김기정 | F48: 상주 | G48: I00015/I23957 | H48: 제이스랩 | I48: 010-5394-3985/010-3156-7763 | J48: skchem.i00015@partner.sk.com; crush0sun.11@partner.sk.com | K48: ma8665@hanmail.net; crush0sun@naver.com
B49: 파마 LIMS | C49: =VLOOKUP(B49,'서비스 Master'!$C$4:$P$62,14,FALSE) -> 박상진 | D49: =VLOOKUP(B49,'서비스 Master'!$C$4:$P$62,10,FALSE) -> 이용재 | E49: =VLOOKUP(B49,'서비스 Master'!$C$4:$P$62,11,FALSE) -> 최창길/김기정 | F49: 상주 | G49: I00015/I23957 | H49: 제이스랩 | I49: 010-5394-3985/010-3156-7763 | J49: skchem.i00015@partner.sk.com; crush0sun.11@partner.sk.com | K49: ma8665@hanmail.net; crush0sun@naver.com
B50: 플라즈마 LIMS | C50: =VLOOKUP(B50,'서비스 Master'!$C$4:$P$62,14,FALSE) -> 임준식 | D50: =VLOOKUP(B50,'서비스 Master'!$C$4:$P$62,10,FALSE) -> 이용재 | E50: =VLOOKUP(B50,'서비스 Master'!$C$4:$P$62,11,FALSE) -> 최창길/김기정 | F50: 상주 | G50: I00015/I23957 | H50: 제이스랩 | I50: 010-5394-3985/010-3156-7763 | J50: skchem.i00015@partner.sk.com; crush0sun.11@partner.sk.com | K50: ma8665@hanmail.net; crush0sun@naver.com
A51: 구매 | B51: EDI | C51: =VLOOKUP(B51,'서비스 Master'!$C$4:$P$62,14,FALSE) -> 명진 | D51: =VLOOKUP(B51,'서비스 Master'!$C$4:$P$62,10,FALSE) -> 이용재 | E51: =VLOOKUP(B51,'서비스 Master'!$C$4:$P$62,11,FALSE) -> 최슬기 | F51: 비상주 | G51: I24416 | H51: 레디코리아 | I51: 010-3134-9370 | J51: seulgi.choi.93@partner.sk.com | K51: seulgi.choi@wisetechglobal.com
B52: SKYSCM | C52: =VLOOKUP(B52,'서비스 Master'!$C$4:$P$62,14,FALSE) -> 명진 | D52: =VLOOKUP(B52,'서비스 Master'!$C$4:$P$62,10,FALSE) -> 이용재 | E52: =VLOOKUP(B52,'서비스 Master'!$C$4:$P$62,11,FALSE) -> 정정배 | F52: 상주 | G52: I20607 | H52: 제이스랩 | I52: 010-3906-3063 | J52: psslumber@partner.sk.com | K52: psslumber@gmail.com
B53: 구매포탈 | C53: =VLOOKUP(B53,'서비스 Master'!$C$4:$P$62,14,FALSE) -> 명진 | D53: =VLOOKUP(B53,'서비스 Master'!$C$4:$P$62,10,FALSE) -> 이용재 | E53: =VLOOKUP(B53,'서비스 Master'!$C$4:$P$62,11,FALSE) -> 박정현 | F53: 상주 | G53: I20526 | H53: 씨앤토트플러스 | I53: 010-2685-1120 | J53: v8pjh.29@partner.sk.com | K53: v8pjh@naver.com
A54: ERP | B54: SAP | C54: =VLOOKUP(B54,'서비스 Master'!$C$4:$P$62,14,FALSE) -> 명진 | D54: =VLOOKUP(B54,'서비스 Master'!$C$4:$P$62,10,FALSE) -> 오성민 | E54: =VLOOKUP(B54,'서비스 Master'!$C$4:$P$62,11,FALSE) -> 김광원 외 13명 | F54: 상주
B55: PO | C55: =VLOOKUP(B55,'서비스 Master'!$C$4:$P$62,14,FALSE) -> 명진 | D55: =VLOOKUP(B55,'서비스 Master'!$C$4:$P$62,10,FALSE) -> 오성민 | E55: =VLOOKUP(B55,'서비스 Master'!$C$4:$P$62,11,FALSE) -> 백새롬 외 2명 | F55: 상주
B56: SAP Solman | C56: =VLOOKUP(B56,'서비스 Master'!$C$4:$P$62,14,FALSE) -> 명진 | D56: =VLOOKUP(B56,'서비스 Master'!$C$4:$P$62,10,FALSE) -> 오성민 | E56: =VLOOKUP(B56,'서비스 Master'!$C$4:$P$62,11,FALSE) -> 안용주 외 2명 | F56: 비상주
A57: M365 | B57: M365 | C57: =VLOOKUP(B57,'서비스 Master'!$C$4:$P$62,14,FALSE) -> 김햇빛 | D57: =VLOOKUP(B57,'서비스 Master'!$C$4:$P$62,10,FALSE) -> 홍원기 | E57: =VLOOKUP(B57,'서비스 Master'!$C$4:$P$62,11,FALSE) -> she | F57: 비상주
A58: G/W | B58: 그룹웨어 SKYNET_전사_공통 | C58: =VLOOKUP(B58,'서비스 Master'!$C$4:$P$62,14,FALSE) -> 김햇빛 | D58: =VLOOKUP(B58,'서비스 Master'!$C$4:$P$62,10,FALSE) -> 이보람 | E58: =VLOOKUP(B58,'서비스 Master'!$C$4:$P$62,11,FALSE) -> 김영선/고현종 | F58: 상주 | G58: I10031/I22044 | H58: 제이스랩 | I58: 010-3855-9084; 010-9414-8744 | J58: kysno3@partner.sk.com; bemyace@partner.sk.com | K58: kysno3@naver.com; bemyace@naver.com
B59: SKYNet RED | C59: =VLOOKUP(B59,'서비스 Master'!$C$4:$P$62,14,FALSE) -> 김햇빛 | D59: =VLOOKUP(B59,'서비스 Master'!$C$4:$P$62,10,FALSE) -> 이보람 | E59: =VLOOKUP(B59,'서비스 Master'!$C$4:$P$62,11,FALSE) -> 김영선/고현종 | F59: 상주 | G59: I10031/I22044 | H59: 제이스랩 | I59: 010-3855-9084; 010-9414-8744 | J59: kysno3@partner.sk.com; bemyace@partner.sk.com | K59: kysno3@naver.com; bemyace@naver.com
B60: SKYNet 불만처리시스템 | C60: =VLOOKUP(B60,'서비스 Master'!$C$4:$P$62,14,FALSE) -> 김햇빛 | D60: =VLOOKUP(B60,'서비스 Master'!$C$4:$P$62,10,FALSE) -> 이보람 | E60: =VLOOKUP(B60,'서비스 Master'!$C$4:$P$62,11,FALSE) -> 김영선/고현종 | F60: 상주 | G60: I10031/I22044 | H60: 제이스랩 | I60: 010-3855-9084; 010-9414-8744 | J60: kysno3@partner.sk.com; bemyace@partner.sk.com | K60: kysno3@naver.com; bemyace@naver.com

Sheet 메일링리스트
A2: 전체 | B2: =_xlfn.TEXTJOIN("; ", TRUE, B11:B73) -> wonhyuckyu@partner.sk.com; moonseok.c@partner.sk.com; myungki.89@partner.sk.com; psslumber@partner.sk.com; crush0sun.11@partner.sk.com; kmkyung.26@partner.sk.com; abonno.55@partner.sk.com; dhpark0716@partner.sk.com; crush0sun.11@partner.sk.com; hlkim12@partner.sk.com; skchem.i00015@partner.sk.com; wy273.53@partner.sk.com; mj.kim.91@partner.sk.com; zionex5@partner.sk.com; ljy7445@partner.sk.com; bongjin_choi.49@partner.sk.com; skchem.i00015@partner.sk.com; crush0sun.11@partner.sk.com; psslumber@partner.sk.com; v8pjh.29@partner.sk.com; kysno3@partner.sk.com; bemyace@partner.sk.com; mjh@tobeway.com; ttttuo@myatman.com; mirazzan1004@naver.com; rladkgus75@vertexid.com; summer@dongapm.com; jh.han@nextnow.kr; ryur0205@ntsoft.kr; eskim@idenwise.com; webjung@businesson.co.kr; icm@itcen.com ; sykim1@itcen.com; yjhwang@itcen.com; wooseon@patuah.com; jung1066@woonamsoft.com; k7203@ec-bank.net; yiga80@ec-bank.net; eunjung.woo@chemtopia.net; leedh@anyfive.com; hms8117@duegosystem.com; seulgi.choi@wisetechglobal.com
A3: 전체 값복사 | B3: wonhyuckyu@partner.sk.com; moonseok.c@partner.sk.com; myungki.89@partner.sk.com; psslumber@partner.sk.com; crush0sun.11@partner.sk.com; kmkyung.26@partner.sk.com; abonno.55@partner.sk.com; dhpark0716@partner.sk.com; crush0sun.11@partner.sk.com; hlkim12@partner.sk.com; skchem.i00015@partner.sk.com; wy273.53@partner.sk.com; mj.kim.91@partner.sk.com; zionex5@partner.sk.com; ljy7445@partner.sk.com; bongjin_choi.49@partner.sk.com; skchem.i00015@partner.sk.com; crush0sun.11@partner.sk.com; psslumber@partner.sk.com; v8pjh.29@partner.sk.com; kysno3@partner.sk.com; bemyace@partner.sk.com; mjh@tobeway.com; ttttuo@myatman.com; mirazzan1004@naver.com; rladkgus75@vertexid.com; summer@dongapm.com; jh.han@nextnow.kr; ryur0205@ntsoft.kr; eskim@idenwise.com; webjung@businesson.co.kr; icm@itcen.com ; sykim1@itcen.com; yjhwang@itcen.com; wooseon@patuah.com; jung1066@woonamsoft.com; k7203@ec-bank.net; yiga80@ec-bank.net; eunjung.woo@chemtopia.net; leedh@anyfive.com; hms8117@duegosystem.com; seulgi.choi@wisetechglobal.com
A4: 상주_사내 | B4: =_xlfn.TEXTJOIN("; ", TRUE, D11:D48) -> wonhyuckyu@partner.sk.com; moonseok.c@partner.sk.com; myungki.89@partner.sk.com; psslumber@partner.sk.com; crush0sun.11@partner.sk.com; kmkyung.26@partner.sk.com; abonno.55@partner.sk.com; dhpark0716@partner.sk.com; crush0sun.11@partner.sk.com; hlkim12@partner.sk.com; skchem.i00015@partner.sk.com; wy273.53@partner.sk.com; mj.kim.91@partner.sk.com; zionex5@partner.sk.com; ljy7445@partner.sk.com; bongjin_choi.49@partner.sk.com; skchem.i00015@partner.sk.com; crush0sun.11@partner.sk.com; psslumber@partner.sk.com; v8pjh.29@partner.sk.com; kysno3@partner.sk.com; bemyace@partner.sk.com
A5: 상주 값복사 | B5: wonhyuckyu@partner.sk.com; moonseok.c@partner.sk.com; myungki.89@partner.sk.com; psslumber@partner.sk.com; crush0sun.11@partner.sk.com; kmkyung.26@partner.sk.com; abonno.55@partner.sk.com; crush0sun.11@partner.sk.com; hlkim12@partner.sk.com; skchem.i00015@partner.sk.com; v8pjh.29@partner.sk.com; wy273.53@partner.sk.com; mj.kim.91@partner.sk.com; zionex5@partner.sk.com; ljy7445@partner.sk.com; jisoo_kim@partner.sk.com; skchem.i00015@partner.sk.com; crush0sun.11@partner.sk.com; psslumber@partner.sk.com; kysno3@partner.sk.com; bemyace@partner.sk.com; ttttuo@myatman.com
A6: 비상주 | B6: =_xlfn.TEXTJOIN("; ", TRUE, F11:F26) -> mjh@tobeway.com; ttttuo@myatman.com; mirazzan1004@naver.com; rladkgus75@vertexid.com; summer@dongapm.com; jh.han@nextnow.kr; ryur0205@ntsoft.kr; eskim@idenwise.com; webjung@businesson.co.kr; icm@itcen.com ; sykim1@itcen.com; yjhwang@itcen.com; wooseon@patuah.com; jung1066@woonamsoft.com; k7203@ec-bank.net; yiga80@ec-bank.net; eunjung.woo@chemtopia.net; leedh@anyfive.com; hms8117@duegosystem.com
A7: 비상주 값복사 | B7: alswnsghd1234@naver.com; ttttuo@myatman.com; mirazzan1004@naver.com; jieunp974@vertexid.com; summer@dongapm.com; bs.kim@nextnow.kr; ryur0205@ntsoft.kr; eskim@idenwise.com; webjung@businesson.co.kr; sykim1@itcen.com; yjhwang@itcen.com; spotlight88@patuah.com; lsmmoon@woonamsoft.com; yiga80@ec-bank.net; eunjung.woo@chemtopia.net; hykim@anyfive.com; hms8117@duegosystem.com
B10: 전체 | D10: 상주 | F10: 비상주
B11: wonhyuckyu@partner.sk.com | D11: wonhyuckyu@partner.sk.com | F11: mjh@tobeway.com
B12: moonseok.c@partner.sk.com; myungki.89@partner.sk.com | D12: moonseok.c@partner.sk.com; myungki.89@partner.sk.com | F12: ttttuo@myatman.com
B13: psslumber@partner.sk.com; crush0sun.11@partner.sk.com | D13: psslumber@partner.sk.com; crush0sun.11@partner.sk.com | F13: mirazzan1004@naver.com
B14: kmkyung.26@partner.sk.com | D14: kmkyung.26@partner.sk.com | F14: rladkgus75@vertexid.com
B15: abonno.55@partner.sk.com | D15: abonno.55@partner.sk.com | F15: summer@dongapm.com
B16: dhpark0716@partner.sk.com | D16: dhpark0716@partner.sk.com | F16: jh.han@nextnow.kr
B17: crush0sun.11@partner.sk.com | D17: crush0sun.11@partner.sk.com | F17: ryur0205@ntsoft.kr
B18: hlkim12@partner.sk.com | D18: hlkim12@partner.sk.com | F18: eskim@idenwise.com
B19: skchem.i00015@partner.sk.com | D19: skchem.i00015@partner.sk.com | F19: webjung@businesson.co.kr
B20: wy273.53@partner.sk.com | D20: wy273.53@partner.sk.com | F20: icm@itcen.com ; sykim1@itcen.com; yjhwang@itcen.com
B21: mj.kim.91@partner.sk.com | D21: mj.kim.91@partner.sk.com | F21: wooseon@patuah.com
... B27: v8pjh.29@partner.sk.com | D27: v8pjh.29@partner.sk.com | F27: seulgi.choi@wisetechglobal.com
B28: kysno3@partner.sk.com; bemyace@partner.sk.com | D28: kysno3@partner.sk.com; bemyace@partner.sk.com
B29: mjh@tobeway.com
B30: ttttuo@myatman.com
B31: mirazzan1004@naver.com
B32: rladkgus75@vertexid.com
B33: summer@dongapm.com
B34: jh.han@nextnow.kr
B35: ryur0205@ntsoft.kr
B36: eskim@idenwise.com
B37: webjung@businesson.co.kr
B38: icm@itcen.com ; sykim1@itcen.com; yjhwang@itcen.com
B39: wooseon@patuah.com
B40: jung1066@woonamsoft.com
... B45: seulgi.choi@wisetechglobal.com

Sheet Dataset
A1: 개발/운영 | B1: 인프라 구분 | C1: 네트웍 구분 | D1: 플랫폼 구분 | E1: 컴포넌트 유형 | F1: 라이선스 | G1: 설치방법
A2: 개발 | B2: On-Premise | C2: Server Farm | D2: WEB | E2: 내비게이션(메뉴, 내비게이션, 페이지, 탭 등) | F2: 무료 | G2: 설치형
A3: 운영 | B3: AWS | C3: DMZ | D3: CS | E3: 입력 및 폼(웹에디터, 파일 업/다운로드, 검색, 날짜 피커 등) | F3: 유료(영구) | G3: 접속형
A4: QA | D4: Mobile | E4: 컨테이너 및 레이아웃(모달, 다이알로그, 레이아웃 그리드 등) | F4: 유료(구독) | G4: Portable(무설치)
D5: 기타 | E5: 피드백 및 상태표시(로딩, 알림, 경고, 툴팁 등) | F5: 자체개발
E6: 데이터 표시(리포트, 차트, 그래프, 캘린더 등)
E7: 기타(파일변환(PDF/이미지), 지도, 미디어(오디오/비디오 플레이어) 등)
E8: 통신(FTP, SFTP, SCP등)

Sheet 인력 Master
A1: No. | B1: 소속 | C1: 회사 | D1: 이름 | E1: 상주/비상주 | F1: 정/부 | G1: 남 | H1: 여 | I1: 업무 | J1: 비고
A2: 1 | B2: ICT(ITSecPrj) | C2: 선양 GDC | D2: 김흠철 | E2: 비상주 | G2: 남 | I2: SAP Solman | J2: ICT(ERP) 변경 검토
A3: 2 | B3: ICT(DX) | C3: 에델웨이 | D3: 민준홍 | E3: 비상주 | G3: 남 | I3: =_xlfn.XLOOKUP(D3,비상연락망!E:E,비상연락망!B:B,"",0,1) -> MDM 시스템 | J3: ICT(비상주) 변경 검토
A4: 3 | B4: ICT(DX) | C4: 켐토피아 | D4: 우은정 | E4: 비상주 | H4: 여 | I4: =_xlfn.XLOOKUP(D4,비상연락망!E:E,비상연락망!B:B,"",0,1) -> MSDS 서비스 | J4: ICT(비상주) 변경 검토
A5: 4 | B5: ICT(ERP) | C5: UNIR | D5: 안용주 | E5: 비상주 | G5: 남 | I5: SAP Solman
A6: 5 | B6: ICT(ERP) | C6: 에스퍼트 | D6: 김광원 | E6: 상주 | G6: 남 | I6: ERP(CO)
A7: 6 | B7: ICT(ERP) | C7: 에스퍼트 | D7: 김윤성 | E7: 상주 | G7: 남 | I7: ERP(FI/TR)
A8: 7 | B8: ICT(ERP) | C8: 에스퍼트 | D8: 김정민 | E8: 상주 | G8: 남 | I8: ERP(QM)
A9: 8 | B9: ICT(ERP) | C9: 에스퍼트 | D9: 김태형 | E9: 상주 | G9: 남 | I9: SAP PO
A10: 9 | B10: ICT(ERP) | C10: 에스퍼트 | D10: 문경빈 | E10: 상주 | G10: 남 | I10: ERP(FI/TR)
A11: 10 | B11: ICT(ERP) | C11: 에스퍼트 | D11: 박나리 | E11: 비상주 | H11: 여 | I11: SAP PO | J11: 26년 비상주 전환
A12: 11 | B12: ICT(ERP) | C12: 에스퍼트 | D12: 박창석 | E12: 상주 | G12: 남 | I12: ERP(SD)
A13: 12 | B13: ICT(ERP) | C13: 에스퍼트 | D13: 백새롬 | E13: 상주 | H13: 여 | I13: SAP PO
A14: 13 | B14: ICT(ERP) | C14: 에스퍼트 | D14: 백승민 | E14: 상주 | H14: 여 | I14: ERP(FI/TR)
A15: 14 | B15: ICT(ERP) | C15: 에스퍼트 | D15: 서창우 | E15: 상주 | G15: 남 | I15: SAP PO
A16: 15 | B16: ICT(ERP) | C16: 에스퍼트 | D16: 윤라미 | E16: 상주 | H16: 여 | I16: ERP(MM)
A17: 16 | B17: ICT(ERP) | C17: 에스퍼트 | D17: 윤상훈 | E17: 상주 | G17: 남 | I17: ERP(SD)
A18: 17 | B18: ICT(ERP) | C18: 에스퍼트 | D18: 이용남 | E18: 상주 | G18: 남 | I18: ERP(PP)
A19: 18 | B19: ICT(ERP) | C19: 에스퍼트 | D19: 이윤형 | E19: 상주 | G19: 남 | I19: ERP(MM)
A20: 19 | B20: ICT(ERP) | C20: 에스퍼트 | D20: 장서율 | E20: 상주 | H20: 여 | I20: SAP PO
A21: 20 | B21: ICT(ERP) | C21: 에스퍼트 | D21: 정윤준 | E21: 상주 | G21: 남 | I21: ERP(FI/TR)
A22: 21 | B22: ICT(M365) | C22: SK AX | D22: 최근창 | E22: 비상주 | G22: 남 | I22: M365
A23: 22 | B23: ICT(M365) | C23: SK AX | D23: 홍원기 | E23: 비상주 | G23: 남 | I23: M365
A24: 23 | B24: ICT(M365) | C24: 러닝잇 | D24: 조성호 | E24: 비상주 | G24: 남 | I24: M365
A25: 24 | B25: ICT(M365) | C25: 이텍커스 | D25: 김무진 | E25: 비상주 | G25: 남 | I25: M365
A26: 25 | B26: ICT(M365) | C26: 이텍커스 | D26: 윤영진 | E26: 비상주 | G26: 남 | I26: M365
A27: 26 | B27: ICT(비상주) | C27: NTSoft | D27: 정상률 | E27: 비상주 | G27: 남 | I27: =_xlfn.XLOOKUP(D27,비상연락망!E:E,비상연락망!B:B,"",0,1) -> 톡톡 스마트오피스 앱
A28: 27 | B28: ICT(비상주) | C28: 넥스트나우 | D28: 한준호 | E28: 비상주 | G28: 남 | I28: =_xlfn.XLOOKUP(D28,비상연락망!E:E,비상연락망!B:B,"",0,1) -> ESG Data HUB
A29: 28 | B29: ICT(비상주) | C29: 동아피엠 | D29: 변영운 | E29: 비상주 | G29: 남 | I29: =_xlfn.XLOOKUP(D29,비상연락망!E:E,비상연락망!B:B,"",0,1) -> 스마트오피스 서비스
A30: 29 | B30: ICT(비상주) | C30: 되고시스템 | D30: 한만석 | E30: 비상주 | G30: 남 | I30: =_xlfn.XLOOKUP(D30,비상연락망!E:E,비상연락망!B:B,"",0,1) -> 화학연구소 CMS
A31: 30 | B31: ICT(비상주) | C31: 레디코리아 | D31: 최슬기 | E31: 비상주 | H31: 여 | I31: =_xlfn.XLOOKUP(D31,비상연락망!E:E,비상연락망!B:B,"",0,1) -> EDI
A32: 31 | B32: ICT(비상주) | C32: 버텍스아이디 | D32: 김아현 | E32: 비상주 | G32: 남 | I32: =_xlfn.XLOOKUP(D32,비상연락망!E:E,비상연락망!B:B,"",0,1) -> 법무포탈
A33: 32 | B33: ICT(비상주) | C33: 비즈니스온커뮤니케이션 | D33: 윤호정 | E33: 비상주 | H33: 여 | I33: =_xlfn.XLOOKUP(D33,비상연락망!E:E,비상연락망!B:B,"",0,1) -> SK케미칼 매입통합
A34: 33 | B34: ICT(비상주) | C34: 아이티센 | D34: 김소영 | E34: 비상주 | F34: 정 | H34: 여 | I34: 내부통제시스템
A35: 34 | B35: ICT(비상주) | C35: 아이티센 | D35: 황영주 | E35: 비상주 | F35: 부 | H35: 여 | I35: 내부통제시스템
A36: 35 | B36: ICT(비상주) | C36: 아트만파트너스 | D36: 김건휘 | E36: 비상주 | G36: 남 | I36: =_xlfn.XLOOKUP(D36,비상연락망!E:E,비상연락망!B:B,"",0,1) -> RPA
A37: 36 | B37: ICT(비상주) | C37: 애니파이브 | D37: 이대현 | E37: 비상주 | G37: 남 | I37: =_xlfn.XLOOKUP(D37,비상연락망!E:E,비상연락망!B:B,"",0,1) -> 특허관리시스템
A38: 37 | B38: ICT(비상주) | C38: 이든와이즈 | D38: 김은수 | E38: 비상주 | H38: 여 | I38: =_xlfn.XLOOKUP(D38,비상연락망!E:E,비상연락망!B:B,"",0,1) -> 콜센터
A39: 38 | B39: ICT(비상주) | C39: 이씨뱅크 | D39: 김학준 | E39: 비상주 | F39: 정 | G39: 남 | I39: 전자세금계산서
A40: 39 | B40: ICT(비상주) | C40: 이씨뱅크 | D40: 이기석 | E40: 비상주 | F40: 부 | G40: 남 | I40: 전자세금계산서
A41: 40 | B41: ICT(일반) | C41: 문경컨설팅 | D41: 최문석 | E41: 상주 | G41: 남 | I41: PMO
A42: 41 | B42: ICT(일반) | C42: 씨앤토트플러스 | D42: 구본호 | E42: 상주 | G42: 남 | I42: =_xlfn.XLOOKUP(D42,비상연락망!E:E,비상연락망!B:B,"",0,1) -> 데이터포털
A43: 42 | B43: ICT(일반) | C43: 씨앤토트플러스 | D43: 박정현 | E43: 상주 | G43: 남 | I43: =_xlfn.XLOOKUP(D43,비상연락망!E:E,비상연락망!B:B,"",0,1) -> 구매포탈
A44: 43 | B44: ICT(일반) | C44: 씨앤토트플러스 | D44: 유원혁 | E44: 상주 | G44: 남 | I44: =_xlfn.XLOOKUP(D44,비상연락망!E:E,비상연락망!B:B,"",0,1) -> HR G/W HCM G/W
A45: 44 | B45: ICT(일반) | C45: 씨앤토트플러스 | D45: 이재영 | E45: 상주 | G45: 남 | I45: =_xlfn.XLOOKUP(D45,비상연락망!E:E,비상연락망!B:B,"",0,1) -> 안동 SHE
A46: 45 | B46: ICT(일반) | C46: 엘리웍스 | D46: 양미라 | E46: 비상주 | H46: 여 | I46: =_xlfn.XLOOKUP(D46,비상연락망!E:E,비상연락망!B:B,"",0,1) -> UI/UX | J46: ICT(비상주) 변경 검토
A47: 46 | B47: ICT(일반) | C47: 인사이트온 | D47: 김민준 | E47: 상주 | G47: 남 | I47: =_xlfn.XLOOKUP(D47,비상연락망!E:E,비상연락망!B:B,"",0,1) -> 비용정산
A48: 47 | B48: ICT(일반) | C48: 자이오넥스 | D48: 유민아 | E48: 상주 | H48: 여 | I48: =_xlfn.XLOOKUP(D48,비상연락망!E:E,비상연락망!B:B,"",0,1) -> 화학연구소 RPMS
A49: 48 | B49: ICT(일반) | C49: 자이오넥스 | D49: 최봉진 | E49: 상주 | G49: 남 | I49: =_xlfn.XLOOKUP(D49,비상연락망!E:E,비상연락망!B:B,"",0,1) -> SCM
A50: 49 | B50: ICT(일반) | C50: 제이스랩 | D50: 고현종 | E50: 상주 | G50: 남 | I50: 그룹웨어 SKYNET_전사_공통
A51: 50 | B51: ICT(일반) | C51: 제이스랩 | D51: 김기정 | E51: 상주 | G51: 남 | I51: 파마 MIS
A52: 51 | B52: ICT(일반) | C52: 제이스랩 | D52: 김영선 | E52: 상주 | G52: 남 | I52: 그룹웨어 SKYNET_전사_공통
A53: 52 | B53: ICT(일반) | C53: 제이스랩 | D53: 김형일 | E53: 상주 | G53: 남 | I53: 파마 SFE
A54: 53 | B54: ICT(일반) | C54: 제이스랩 | D54: 정정배 | E54: 상주 | G54: 남 | I54: =_xlfn.XLOOKUP(D54,비상연락망!E:E,비상연락망!B:B,"",0,1) -> SKYSCM
A55: 54 | B55: ICT(일반) | C55: 제이스랩 | D55: 최용진 | E55: 상주 | G55: 남 | I55: =_xlfn.XLOOKUP(D55,비상연락망!E:E,비상연락망!B:B,"",0,1) -> 플라즈마 SFE
A56: 55 | B56: ICT(일반) | C56: 제이스랩 | D56: 최창길 | E56: 상주 | G56: 남 | I56: =_xlfn.XLOOKUP(D56,비상연락망!E:E,비상연락망!B:B,"",0,1) -> 엔티스_MIS
A57: 56 | B57: ICT(일반) | C57: 제이스랩 | D57: 홍명기 | E57: 상주 | G57: 남 | I57: PMO
A58: 57 | B58: ICT(프로젝트) | C58: 데이터다이나믹스 | D58: 경규민 | E58: 상주 | G58: 남 | I58: =_xlfn.XLOOKUP(D58,비상연락망!E:E,비상연락망!B:B,"",0,1) -> 데이터레이크 | J58: ICT(일반) 변경 검토
A59: 58 | B59: ITO(SKCC) | C59: SK AX | D59: 오성민 | E59: 상주 | G59: 남 | I59: 통합ITO
A60: 59 | B60: ITO(SKCC) | C60: SK AX | D60: 이보람 | E60: 비상주 | H60: 여 | I60: 통합ITO
A61: 60 | B61: ITO(SKCC) | C61: SK AX | D61: 이용재 | E61: 상주 | G61: 남 | I61: 통합ITO
A62: 61 | B62: ITO(SKCC) | C62: SK AX | D62: 이인 | E62: 상주 | G62: 남 | I62: 통합ITO
A63: 62 | B63: ITO(SKCC) | C63: SK AX | D63: 조래옥 | E63: 상주 | G63: 남 | I63: 통합ITO
A64: 63 | C64: 우남소프트 | D64: 정찬준 | E64: 비상주 | G64: 남 | I64: =_xlfn.XLOOKUP(D64,비상연락망!E:E,비상연락망!B:B,"",0,1) -> 비용정산(전자증빙) | J64: 계정 없음
A65: 64 | C65: 파투아 | D65: 박우선 | E65: 비상주 | G65: 남 | I65: =_xlfn.XLOOKUP(D65,비상연락망!E:E,비상연락망!B:B,"",0,1) -> 비용정산 파투아 | J65: 계정 없음

Sheet DB SIZE 조사(26년1월2일)
A3: No. | B3: 시스템명 | C3: 대상/비대상 | D3: DB Hostname | E3: DB IP | F3: DB Port | G3: DB명 | H3: DBMS | I3: DB Size (GB, 26/1/2 조사) | J3: 비고
A4: =VLOOKUP(B4,'서비스 Master'!$C$4:$D$62,2,FALSE) -> 1 | B4: HR G/W HCM G/W | D4: C01VP-IDB-DB | E4: 10.247.243.23 | F4: 51433 | G4: EHRGW | H4: MSSQL 2019 | I4: 177.2
A5: =VLOOKUP(B5,'서비스 Master'!$C$4:$D$62,2,FALSE) -> 2 | B5: MDM 시스템 | D5: C31CP-MDIS-DB2 | E5: 10.247.220.149 | F5: 51433 | G5: MDM | H5: MSSQL 2017 | I5: 63.8
A6: =VLOOKUP(B6,'서비스 Master'!$C$4:$D$62,2,FALSE) -> 5 | B6: RPA | D6: C31CP-MDIS-DB2 | E6: 10.247.220.149 | F6: 51433 | G6: RPA | H6: MSSQL 2017 | I6: 8.1
A7: =VLOOKUP(B7,'서비스 Master'!$C$4:$D$62,2,FALSE) -> 7 | B7: 구)e-HR | D7: E01VP-HRMIS-DB1 | E7: 10.247.241.151 | F7: 1521 | H7: Oracle 10g | I7: 22.5 | J7: 조회용DB
A8: =VLOOKUP(B8,'서비스 Master'!$C$4:$D$62,2,FALSE) -> 8 | B8: 데이터레이크 | C8: 비대상 | J8: AWS S3
A9: =VLOOKUP(B9,'서비스 Master'!$C$4:$D$62,2,FALSE) -> 9 | B9: 데이터포털 | D9: C31CP-DATA-DB1 | E9: 10.247.222.164 | F9: 27017 | G9: dp | H9: MongoDB 5.0.24 | I9: 9.8
A10: =VLOOKUP(B10,'서비스 Master'!$C$4:$D$62,2,FALSE) -> 0 | B10: 표준관리시스템 | D10: C01VP-DLM-DB1 | E10: 10.247.243.52 | F10: 55432 | G10: dataware | H10: PostgreSQL 17 | I10: 14
A11: =VLOOKUP(B11,'서비스 Master'!$C$4:$D$62,2,FALSE) -> 11 | B11: 법무포탈 | D11: C31CP-MDIS-DB2 | E11: 10.247.220.149 | F11: 51433 | G11: sk_chemicals_elms | H11: MSSQL 2017 | I11: 127.9
A12: =VLOOKUP(B12,'서비스 Master'!$C$4:$D$62,2,FALSE) -> 12 | B12: 스마트오피스 서비스 | D12: C31CP-SO-DB1 | E12: skch-backbone-prod-rds-so-db01.chcdnqliroxp.ap-northeast-2.rds.amazonaws.com | F12: 3306 | G12: smartoffice | H12: MariaDB 10.6.18 | I12: 21
A13: =VLOOKUP(B13,'서비스 Master'!$C$4:$D$62,2,FALSE) -> 13 | B13: ESG Data HUB | D13: C31CP-MDIS-DB2 | E13: 10.247.220.149 | F13: 51433 | G13: EDH | H13: MSSQL 2017 | I13: 1.4
A14: =VLOOKUP(B14,'서비스 Master'!$C$4:$D$62,2,FALSE) -> 14 | B14: 톡톡 스마트오피스 앱 | C14: 비대상
A15: =VLOOKUP(B15,'서비스 Master'!$C$4:$D$62,2,FALSE) -> 15 | B15: CRM (S.Square) | C15: 비대상 | D15: C31CP-MDIS-DB2 | E15: 10.247.220.149 | F15: 51433 | G15: Connected2ND | H15: MSSQL 2017 | I15: 7.4 | J15: 통합 ITO 제외
A16: =VLOOKUP(B16,'서비스 Master'!$C$4:$D$62,2,FALSE) -> 16 | B16: EOS G/W | C16: 비대상
A17: =VLOOKUP(B17,'서비스 Master'!$C$4:$D$62,2,FALSE) -> 17 | B17: SIRS | D17: C04VP-MDIS-DB2 | E17: 10.247.15.112 | F17: 51433 | G17: SKSIRS | H17: MSSQL 2017 | I17: 0.3
A18: =VLOOKUP(B18,'서비스 Master'!$C$4:$D$62,2,FALSE) -> 18 | B18: 마케팅 허브 G/W | C18: 비대상
A19: =VLOOKUP(B19,'서비스 Master'!$C$4:$D$62,2,FALSE) -> 19 | B19: 모바일MIS | C19: 비대상
A20: =VLOOKUP(B20,'서비스 Master'!$C$4:$D$62,2,FALSE) -> 20 | B20: 엔티스_MIS | D20: E01VP-HRMIS-DB1 | E20: 10.247.241.151 | F20: 1521 | G20: SKCHEM | H20: Oracle 10g | I20: 11.1
A21: =VLOOKUP(B21,'서비스 Master'!$C$4:$D$62,2,FALSE) -> 21 | B21: 임가공포탈 | D21: C31CP-MDIS-DB2 | E21: 10.247.220.149 | F21: 51433 | G21: OPM | H21: MSSQL 2017 | I21: 6.2
A22: =VLOOKUP(B22,'서비스 Master'!$C$4:$D$62,2,FALSE) -> 22 | B22: 콜센터 | D22: C01VP-IDB-DB | E22: 10.247.243.23 | F22: 51433 | G22: IPCC | H22: MSSQL 2019 | I22: 3
A23: =VLOOKUP(B23,'서비스 Master'!$C$4:$D$62,2,FALSE) -> 23 | B23: 파마 MIS | D23: C04VP-MIS-DB1 | E23: 10.247.15.47 | F23: 1521 | G23: SKPHARM | H23: Oracle 19C | I23: 106
A24: =VLOOKUP(B24,'서비스 Master'!$C$4:$D$62,2,FALSE) -> 24 | B24: 파마 SFE | D24: C04VP-MDIS-DB1 | E24: 10.247.15.110 | F24: 51433 | G24: SKChemicals | H24: MSSQL 2017 | I24: 32.6
A25: =VLOOKUP(B25,'서비스 Master'!$C$4:$D$62,2,FALSE) -> 25 | B25: 플라즈마 SFE | D25: C01VP-SFE-DB01 | E25: 168.154.160.105 | F25: 1433 | G25: SKPlasma | H25: MSSQL 2016 | I25: 2.1
A26: =VLOOKUP(B26,'서비스 Master'!$C$4:$D$62,2,FALSE) -> 26 | B26: 플라즈마_MIS | D26: SK-PBDB1 | E26: 168.154.160.108 | F26: 1521 | G26: PBMKT | H26: Oracle 10g | I26: 9.5
A27: =VLOOKUP(B27,'서비스 Master'!$C$4:$D$62,2,FALSE) -> 27 | B27: SK케미칼 매입통합 | D27: C01VP-IDB-DB | E27: 10.247.243.23 | F27: 51433 | G27: SBMS_MS | H27: MSSQL 2019 | I27: 4.2
A28: =VLOOKUP(B28,'서비스 Master'!$C$4:$D$62,2,FALSE) -> 28 | B28: 내부통제시스템 | D28: C31CP-MDIS-DB2 | E28: 10.247.220.149 | F28: 51433 | G28: CIAC, SKDISCOVERY_DATA_KSOX | H28: MSSQL 2017 | I28: 0.6
A29: =VLOOKUP(B29,'서비스 Master'!$C$4:$D$62,2,FALSE) -> 29 | B29: 비용정산 | D29: C31CP-MDIS-DB2 | E29: 10.247.220.149 | F29: 51433 | G29: SKCEACCDB | H29: MSSQL 2017 | I29: 41.5
A30: =VLOOKUP(B30,'서비스 Master'!$C$4:$D$62,2,FALSE) -> 30 | B30: 비용정산 파투아 | D30: C33CP-CCD-DB1 | E30: 10.247.222.24 | F30: 33817 | G30: tmpVCCS, VCCSSME | H30: MSSQL 2017 | I30: 3.2
A31: =VLOOKUP(B31,'서비스 Master'!$C$4:$D$62,2,FALSE) -> 31 | B31: 비용정산(전자증빙) | D31: C31CP-MDIS-DB2 | E31: 10.247.220.149 | F31: 51433 | G31: OfficeEDMS | H31: MSSQL 2017 | I31: 6.1
... A40: =VLOOKUP(B40,'서비스 Master'!$C$4:$D$62,2,FALSE) -> 43 | B40: 엔티스 LIMS | D40: SKCHEM-LIMS | E40: 168.154.168.145 | F40: 1433 | G40: SK_LIMSUCB | H40: MSSQL 2008 | I40: 0.8
A41: =VLOOKUP(B41,'서비스 Master'!$C$4:$D$62,2,FALSE) -> 44 | B41: 파마 LIMS | D41: SKCH-MISPDB1 | E41: 168.154.162.144 | F41: 1521 | G41: SKPHARM | H41: Oracle 10g | J41: 조회용DB, 용량 확인 불가(DB서버 관리자 김순용M)
A42: =VLOOKUP(B42,'서비스 Master'!$C$4:$D$62,2,FALSE) -> 45 | B42: 플라즈마 LIMS | D42: SK-PBDB1 | E42: 168.154.160.108 | F42: 1521 | G42: PBMKT | H42: Oracle 10g | I42: 4
A43: =VLOOKUP(B43,'서비스 Master'!$C$4:$D$62,2,FALSE) -> 46 | B43: EDI | D43: SKCH-EDIPDB1 | E43: 168.154.160.83 | F43: 1433 | G43: readyedi, edicus, helpadapter, HelpRefund(유지보수해지), HelpXML(유지보수 해지) | H43: MSSQL 2008 | I43: 11.3
A44: =VLOOKUP(B44,'서비스 Master'!$C$4:$D$62,2,FALSE) -> 47 | B44: SKYSCM | D44: C04VP-MDIS-DB1 | E44: 10.247.15.110 | F44: 51433 | G44: SKYSCM | H44: MSSQL 2017 | I44: 0.1
A45: =VLOOKUP(B45,'서비스 Master'!$C$4:$D$62,2,FALSE) -> 48 | B45: 구매포탈 | D45: C31CP-MDIS-DB2 | E45: 10.247.220.149 | F45: 51433 | G45: ESS | H45: MSSQL 2017 | I45: 43.5
A46: =VLOOKUP(B46,'서비스 Master'!$C$4:$D$62,2,FALSE) -> 49 | B46: SAP | D46: C01VP-ERP-DB1 | E46: 10.247.243.31 | F46: 1527 | G46: CEP | H46: Oracle 19.9 | I46: 2350
A47: =VLOOKUP(B47,'서비스 Master'!$C$4:$D$62,2,FALSE) -> 49 | B47: SAP | D47: C01VP-ERP-DB2 | E47: 10.247.243.32 | F47: 1527 | G47: CEP | H47: Oracle 19.9 | I47: 2350
A48: =VLOOKUP(B48,'서비스 Master'!$C$4:$D$62,2,FALSE) -> 50 | B48: PO | D48: C01VP-PI-DB1 | E48: 10.247.243.41 | F48: 1521 | G48: CXP | H48: Oracle 19.9 | I48: 118
A49: =VLOOKUP(B49,'서비스 Master'!$C$4:$D$62,2,FALSE) -> 50 | B49: PO | D49: C01VP-PI-DB2 | E49: 10.247.243.42 | F49: 1521 | G49: CXP | H49: Oracle 19.9 | I49: 118
A50: =VLOOKUP(B50,'서비스 Master'!$C$4:$D$62,2,FALSE) -> 51 | B50: SAP Solman | F50: 7200 7201 7202 | G50: SDB | H50: MAX DB | I50: 90
A51: =VLOOKUP(B51,'서비스 Master'!$C$4:$D$62,2,FALSE) -> 52 | B51: M365 | C51: 비대상 | D51: C01PV-IDB-DB | E51: 10.247.243.23 | G51: LCM
A52: =VLOOKUP(B52,'서비스 Master'!$C$4:$D$62,2,FALSE) -> 53 | B52: 그룹웨어 SKYNET_전사_공통 | D52: C01VP-DAPC-AP1.Skynet.help 등 | E52: 10.247.241.121 등 | H52: NOTES | I52: 2576
A53: =VLOOKUP(B53,'서비스 Master'!$C$4:$D$62,2,FALSE) -> 54 | B53: SKYNet RED | H53: NOTES | I53: 82
A54: =VLOOKUP(B54,'서비스 Master'!$C$4:$D$62,2,FALSE) -> 55 | B54: SKYNet 불만처리시스템 | H54: NOTES | I54: 4

Sheet 컴포넌트 조사
A2: 시스템 구분 번호 | B2: 시스템명 | C2: 컴포넌트/컨트롤 명 | D2: 버전 | E2: 출시년도 | F2: EOS여부 | G2: 업데이트 지원 여부 | H2: 컴포넌트 유형 | I2: 사용 용도 | J2: 라이선스 | K2: 설치방법 | L2: (구독 시) 갱신일 | M2: 운영자 (작성자)
A3: =VLOOKUP(B3,'서비스 Master'!$C$4:$D$62,2,FALSE) -> 1 | B3: HR G/W HCM G/W | C3: WinSCP | D3: 5.21.2 | E3: 2022 | F3: 정책 없음 | G3: 관리대상 제외 | H3: 통신(FTP, SFTP, SCP등) | I3: SFTP, SCP 및 FTP 전송 기능 제공 | J3: 무료 | K3: Portable(무설치) | M3: 유원혁
A4: =VLOOKUP(B4,'서비스 Master'!$C$4:$D$62,2,FALSE) -> 2 | B4: MDM 시스템 | C4: ExtJS | D4: 7.4.0.42 | E4: 2021 | F4: 정책 없음 | G4: 라이선스 계약 기반 | H4: 입력 및 폼(웹에디터, 파일 업/다운로드, 검색, 날짜 피커 등) | I4: 데이터 조회, 파일업로드 | J4: 유료(구독) | K4: 설치형 | M4: 민준홍
A5: =VLOOKUP(B5,'서비스 Master'!$C$4:$D$62,2,FALSE) -> 7 | B5: 구)e-HR | C5: Crystal Report | D5: 10.0 | E5: 2003 | F5: EOS됨 | G5: 관리대상 제외 | H5: 데이터 표시(리포트, 차트, 그래프, 캘린더 등) | I5: 웹 리포트 제공 | J5: 유료(영구) | K5: 설치형 | L5: N/A | M5: 정정배
A6: =VLOOKUP(B6,'서비스 Master'!$C$4:$D$62,2,FALSE) -> 11 | B6: 법무포탈 | C6: Unidocs | D6: 3.0.42.2 | E6: 정보 없음 | F6: 정책 없음 | G6: 관리대상 제외 | H6: 기타(파일변환(PDF/이미지), 지도, 미디어(오디오/비디오 플레이어) 등) | I6: 파일변환(PDF) | J6: 유료(영구) | K6: 설치형 | L6: N/A | M6: 김아현
A7: =VLOOKUP(B7,'서비스 Master'!$C$4:$D$62,2,FALSE) -> 11 | B7: 법무포탈 | C7: Softcamp | D7: 1.0 | E7: 정보 없음 | F7: 정책 없음 | G7: 관리대상 제외 | H7: 기타(파일변환(PDF/이미지), 지도, 미디어(오디오/비디오 플레이어) 등) | I7: DRM 해제 | J7: 유료(영구) | K7: 설치형 | L7: N/A | M7: 김아현
A8: =VLOOKUP(B8,'서비스 Master'!$C$4:$D$62,2,FALSE) -> 11 | B8: 법무포탈 | C8: CKEditor | D8: 4.4.7 | E8: 2014 | F8: EOS됨 | G8: 관리대상 제외 | H8: 입력 및 폼(웹에디터, 파일 업/다운로드, 검색, 날짜 피커 등) | I8: 웹 텍스트 에디터 | J8: 무료 | K8: 설치형 | L8: N/A | M8: 김아현
A9: =VLOOKUP(B9,'서비스 Master'!$C$4:$D$62,2,FALSE) -> 11 | B9: 법무포탈 | C9: ZXing | D9: 3.1.0 | E9: 2014 | F9: 정책 없음 | G9: 관리대상 제외 | H9: 기타(파일변환(PDF/이미지), 지도, 미디어(오디오/비디오 플레이어) 등) | I9: QR/바코드 관리 | J9: 무료 | K9: 설치형 | L9: N/A | M9: 김아현
A10: =VLOOKUP(B10,'서비스 Master'!$C$4:$D$62,2,FALSE) -> 11 | B10: 법무포탈 | C10: Easy UI | D10: 1.9.4 | E10: 2020 | F10: 정책 없음 | G10: 관리대상 제외 | H10: 컨테이너 및 레이아웃(모달, 다이알로그, 레이아웃 그리드 등) | I10: 컨테이너 및 레이아웃 | J10: 무료 | K10: 설치형 | L10: N/A | M10: 김아현
A11: =VLOOKUP(B11,'서비스 Master'!$C$4:$D$62,2,FALSE) -> 13 | B11: ESG Data HUB | C11: IBSheet8 | D11: 8.1.0.3 | E11: 2023 | F11: 정책 없음 | G11: 라이선스 계약 기반 | H11: 컨테이너 및 레이아웃(모달, 다이알로그, 레이아웃 그리드 등) | I11: Grid 內 에서의 입, 출력 처리 용도(엑셀 형식의 입력) | J11: 유료(영구) | K11: 설치형 | L11: N/A | M11: 한준호
A12: =VLOOKUP(B12,'서비스 Master'!$C$4:$D$62,2,FALSE) -> 13 | B12: ESG Data HUB | C12: IBUpload | D12: 7.3.0 | E12: 정보 없음 | F12: 정책 없음 | G12: 라이선스 계약 기반 | H12: 입력 및 폼(웹에디터, 파일 업/다운로드, 검색, 날짜 피커 등) | I12: 게시판에서 파일 업/다운로드 용도 | J12: 유료(영구) | K12: 설치형 | L12: N/A | M12: 한준호
A13: =VLOOKUP(B13,'서비스 Master'!$C$4:$D$62,2,FALSE) -> 14 | B13: 톡톡 스마트오피스 앱 | C13: PAYPOP AOS | D13: 2.3 | E13: 정보 없음 | F13: 정책 없음 | G13: 관리대상 제외 | H13: 기타(파일변환(PDF/이미지), 지도, 미디어(오디오/비디오 플레이어) 등) | I13: AOS 단말기 결제를 위한 결제 연동 프레임 워크 (이니시스 PG사) | J13: 무료 | K13: 설치형 | L13: N/A | M13: 정상률
A14: =VLOOKUP(B14,'서비스 Master'!$C$4:$D$62,2,FALSE) -> 14 | B14: 톡톡 스마트오피스 앱 | C14: PAYPOP iOS | D14: 1.7 | E14: 정보 없음 | F14: 정책 없음 | G14: 관리대상 제외 | H14: 기타(파일변환(PDF/이미지), 지도, 미디어(오디오/비디오 플레이어) 등) | I14: iOS 단말기 결제를 위한 결제 연동 프레임 워크 (이니시스 PG사) | J14: 무료 | K14: 설치형 | L14: N/A | M14: 정상률
A15: =VLOOKUP(B15,'서비스 Master'!$C$4:$D$62,2,FALSE) -> 17 | B15: SIRS | C15: RealGrid | D15: 1.1.37 | E15: 정보 없음 | F15: 정책 없음 | G15: 라이선스 계약 기반 | H15: 입력 및 폼(웹에디터, 파일 업/다운로드, 검색, 날짜 피커 등) | I15: 데이터 그리드, 트리 그리드 등 UI컴포넌트 제공 | J15: 유료(영구) | K15: 설치형 | L15: N/A | M15: 최용진
A16: =VLOOKUP(B16,'서비스 Master'!$C$4:$D$62,2,FALSE) -> 17 | B16: SIRS | C16: CKEditor | D16: 4.16.0 | E16: 2021 | F16: EOS됨 | G16: 관리대상 제외 | H16: 입력 및 폼(웹에디터, 파일 업/다운로드, 검색, 날짜 피커 등) | I16: 게시판, 공지사항, FAQ관리 화면에서 내용 입력 및 수정시 사용 | J16: 무료 | K16: 설치형 | L16: N/A | M16: 최용진
A17: =VLOOKUP(B17,'서비스 Master'!$C$4:$D$62,2,FALSE) -> 17 | B17: SIRS | C17: HighChart | D17: 9.0.1 | E17: 2021 | F17: 정책 없음 | G17: 업데이트 지원 | H17: 데이터 표시(차트, 그래프, 캘린더 등) | I17: UI에서 차트기능 제공 | J17: 무료 | K17: 설치형 | L17: N/A | M17: 최용진
A18: =VLOOKUP(B18,'서비스 Master'!$C$4:$D$62,2,FALSE) -> 20 | B18: 엔티스_MIS | C18: Chart FX | D18: 4.0 | E18: 2005 | F18: EOS됨 | G18: 관리대상 제외 | H18: 데이터 표시(리포트, 차트, 그래프, 캘린더 등) | I18: UI에서 차트기능 제공 | J18: 유료(영구) | K18: 설치형 | M18: 최창길
A19: =VLOOKUP(B19,'서비스 Master'!$C$4:$D$62,2,FALSE) -> 20 | B19: 엔티스_MIS | C19: FarPoint | D19: 2.5.1 | E19: 2003 | F19: EOS됨 | G19: 관리대상 제외 | H19: 데이터 표시(리포트, 차트, 그래프, 캘린더 등) | I19: UI에서 차트기능 제공 | J19: 유료(영구) | K19: 설치형 | M19: 최창길
A20: =VLOOKUP(B20,'서비스 Master'!$C$4:$D$62,2,FALSE) -> 20 | B20: 엔티스_MIS | C20: INPPRO30 | D20: 3.0 | E20: 정보 없음 | F20: 정책 없음 | G20: 관리대상 제외 | H20: 데이터 표시(리포트, 차트, 그래프, 캘린더 등) | I20: UI에서 차트기능 제공 | J20: 유료(영구) | K20: 설치형 | M20: 최창길
A21: =VLOOKUP(B21,'서비스 Master'!$C$4:$D$62,2,FALSE) -> 20 | B21: 엔티스_MIS | C21: Infragistics | D21: 5.1 | E21: 2005 | F21: EOS됨 | G21: 관리대상 제외 | H21: 데이터 표시(리포트, 차트, 그래프, 캘린더 등) | I21: UI에서 차트기능 제공 | J21: 유료(영구) | K21: 설치형 | M21: 최창길
A22: =VLOOKUP(B22,'서비스 Master'!$C$4:$D$62,2,FALSE) -> 20 | B22: 엔티스_MIS | C22: Crystal Report | D22: 8.5 | E22: 2001 | F22: EOS됨 | G22: 관리대상 제외 | H22: 데이터 표시(리포트, 차트, 그래프, 캘린더 등) | I22: UI에서 차트기능 제공 | J22: 유료(영구) | K22: 설치형 | M22: 최창길
A23: =VLOOKUP(B23,'서비스 Master'!$C$4:$D$62,2,FALSE) -> 21 | B23: 임가공포탈 | C23: RealGrid | D23: 1.1.34 | E23: 정보 없음 | F23: 정책 없음 | G23: 라이선스 계약 기반 | H23: 입력 및 폼(웹에디터, 파일 업/다운로드, 검색, 날짜 피커 등) | I23: 데이터 그리드, 트리 그리드 등 UI컴포넌트 제공 | J23: 유료(영구) | K23: 설치형 | L23: N/A | M23: 박정현
A24: =VLOOKUP(B24,'서비스 Master'!$C$4:$D$62,2,FALSE) -> 21 | B24: 임가공포탈 | C24: DEXT5 | D24: 3.5.14 | E24: 정보 없음 | F24: 정책 없음 | G24: 라이선스 계약 기반 | H24: 입력 및 폼(웹에디터, 파일 업/다운로드, 검색, 날짜 피커 등) | I24: 웹에디터 | J24: 유료(구독) | K24: 설치형 | L24: 만료 | M24: 박정현
A25: =VLOOKUP(B25,'서비스 Master'!$C$4:$D$62,2,FALSE) -> 22 | B25: 콜센터 | C25: CKEditor | D25: 4.9.2 | E25: 2017 | F25: EOS됨 | G25: 관리대상 제외 | H25: 입력 및 폼(웹에디터, 파일 업/다운로드, 검색, 날짜 피커 등) | I25: 게시판, 공지사항, FAQ관리 화면에서 내용 입력 및 수정시 사용 | J25: 무료 | K25: 설치형 | M25: 김은수
A26: =VLOOKUP(B26,'서비스 Master'!$C$4:$D$62,2,FALSE) -> 22 | B26: 콜센터 | C26: HZService | D26: 1.0 | E26: 정보 없음 | F26: 정책 없음 | G26: 관리대상 제외 | H26: 기타(파일변환(PDF/이미지), 지도, 미디어(오디오/비디오 플레이어) 등) | I26: 클라이언트 사용자 시스템 사용 로그 기록용으로 사용 | J26: 자체개발 | K26: 설치형 | M26: 김은수
A27: =VLOOKUP(B27,'서비스 Master'!$C$4:$D$62,2,FALSE) -> 23 | B27: 파마 MIS | C27: Infragistics NetAdvantage for Windows Forms | D27: 9.2 | E27: 2009 | F27: EOS됨 | G27: 관리대상 제외 | H27: 컨테이너 및 레이아웃(모달, 다이알로그, 레이아웃 그리드 등) | I27: 데이터 그리드, 트리 그리드 등 UI컴포넌트 제공 | J27: 유료(영구) | K27: 설치형 | L27: N/A | M27: 정정배/김기정
A28: =VLOOKUP(B28,'서비스 Master'!$C$4:$D$62,2,FALSE) -> 24 | B28: 파마 SFE | C28: HighChart | D28: 4.0.3 | E28: 2014 | F28: 정책 없음 | G28: 업데이트 지원 | H28: 데이터 표시(차트, 그래프, 캘린더 등) | I28: SFE, Analysis UI에서 차트기능 제공 | J28: 유료(영구) | K28: 설치형 | L28: N/A | M28: 김형일
A29: =VLOOKUP(B29,'서비스 Master'!$C$4:$D$62,2,FALSE) -> 24 | B29: 파마 SFE | C29: DHTMLX | D29: 3.0 | E29: 2012 | F29: 정책 없음 | G29: 업데이트 지원 | H29: 컨테이너 및 레이아웃(모달, 다이알로그, 레이아웃 그리드 등) | I29: Analysis에서 데이터 그리드, 트리 그리드 등 UI컴포넌트 제공 | J29: 유료(영구) | K29: 설치형 | L29: N/A | M29: 김형일
A30: =VLOOKUP(B30,'서비스 Master'!$C$4:$D$62,2,FALSE) -> 25 | B30: 플라즈마 SFE | C30: HighChart | D30: 4.0.3 | E30: 2014 | F30: 정책 없음 | G30: 업데이트 지원 | H30: 데이터 표시(차트, 그래프, 캘린더 등) | I30: SFE, Analysis UI에서 차트기능 제공 | J30: 유료(영구) | K30: 설치형 | L30: N/A | M30: 김형일
A31: =VLOOKUP(B31,'서비스 Master'!$C$4:$D$62,2,FALSE) -> 25 | B31: 플라즈마 SFE | C31: DHTMLX | D31: 3.0 | E31: 2012 | F31: 정책 없음 | G31: 업데이트 지원 | H31: 컨테이너 및 레이아웃(모달, 다이알로그, 레이아웃 그리드 등) | I31: Analysis에서 데이터 그리드, 트리 그리드 등 UI컴포넌트 제공 | J31: 유료(영구) | K31: 설치형 | L31: N/A | M31: 김형일
A32: =VLOOKUP(B32,'서비스 Master'!$C$4:$D$62,2,FALSE) -> 26 | B32: 플라즈마_MIS | C32: Chart FX | D32: 4.0 | E32: 2005 | F32: EOS됨 | G32: 관리대상 제외 | H32: 데이터 표시(리포트, 차트, 그래프, 캘린더 등) | I32: UI에서 차트기능 제공 | J32: 유료(영구) | K32: 설치형 | M32: 최창길
A33: =VLOOKUP(B33,'서비스 Master'!$C$4:$D$62,2,FALSE) -> 26 | B33: 플라즈마_MIS | C33: INPPRO30 | D33: 3.0 | E33: 정보 없음 | F33: 정책 없음 | G33: 관리대상 제외 | H33: 데이터 표시(리포트, 차트, 그래프, 캘린더 등) | I33: UI에서 차트기능 제공 | J33: 유료(영구) | K33: 설치형 | M33: 최창길
A34: =VLOOKUP(B34,'서비스 Master'!$C$4:$D$62,2,FALSE) -> 28 | B34: 내부통제시스템 | C34: UltraWebGrid | D34: 11.1 | E34: 2011 | F34: EOS됨 | G34: 관리대상 제외 | H34: 컨테이너 및 레이아웃(모달, 다이알로그, 레이아웃 그리드 등) | I34: 컨테이너 및 레이아웃 (레이아웃 그리드) | J34: 무료 | K34: 설치형 | M34: 김소영/황영주
A35: =VLOOKUP(B35,'서비스 Master'!$C$4:$D$62,2,FALSE) -> 28 | B35: 내부통제시스템 | C35: Echart | D35: 4.0.4 | E35: 2018 | F35: 정책 없음 | G35: 업데이트 지원 | H35: 데이터 표시(리포트, 차트, 그래프, 캘린더 등) | I35: 데이터 표시 (그래프) | J35: 무료 | K35: 설치형 | M35: 김소영/황영주
A36: =VLOOKUP(B36,'서비스 Master'!$C$4:$D$62,2,FALSE) -> 28 | B36: 내부통제시스템 | C36: Spire.Pdf | D36: 10.10.0.0 | E36: 2022 | F36: 정책 없음 | G36: 업데이트 지원 | H36: 기타(파일변환(PDF/이미지), 지도, 미디어(오디오/비디오 플레이어) 등) | I36: 기타(파일변환 PDF,이미지) | J36: 무료 | K36: 설치형 | M36: 김소영/황영주
A37: =VLOOKUP(B37,'서비스 Master'!$C$4:$D$62,2,FALSE) -> 29 | B37: 비용정산 | C37: RealGrid | D37: 1.1.31 | E37: 정보 없음 | F37: 정책 없음 | G37: 라이선스 계약 기반 | H37: 데이터 표시(리포트, 차트, 그래프, 캘린더 등) | I37: 데이터 그리드 | J37: 유료(영구) | K37: 설치형 | M37: 김민준
A38: =VLOOKUP(B38,'서비스 Master'!$C$4:$D$62,2,FALSE) -> 29 | B38: 비용정산 | C38: CKEditor | D38: 4.22.1 | E38: 2023 | F38: EOS됨 | G38: 관리대상 제외 | H38: 입력 및 폼(웹에디터, 파일 업/다운로드, 검색, 날짜 피커 등) | I38: 웹에디터 | J38: 무료 | K38: 설치형 | M38: 김민준
A39: =VLOOKUP(B39,'서비스 Master'!$C$4:$D$62,2,FALSE) -> 29 | B39: 비용정산 | C39: dTree | E39: 정보 없음 | F39: 정책 없음 | G39: 관리대상 제외 | H39: 내비게이션(메뉴, 내비게이션, 페이지, 탭 등) | I39: UI에서 트리구조 제공 | J39: 무료 | K39: 설치형 | M39: 김민준
A40: =VLOOKUP(B40,'서비스 Master'!$C$4:$D$62,2,FALSE) -> 32 | B40: 전자세금계산서 | C40: nxTSDTI | D40: 1.0.1.5 | E40: 정보 없음 | F40: 정책 없음 | G40: 관리대상 제외 | H40: 기타(파일변환(PDF/이미지), 지도, 미디어(오디오/비디오 플레이어) 등) | I40: 전자세금계산서 전자서명 툴킷 솔루션 | J40: 유료(영구) | K40: 설치형 | L40: N/A | M40: 이기석
A41: =VLOOKUP(B41,'서비스 Master'!$C$4:$D$62,2,FALSE) -> 32 | B41: 전자세금계산서 | C41: Xicobill | D41: 1.0 | E41: 정보 없음 | F41: 정책 없음 | G41: 관리대상 제외 | H41: 통신(FTP, SFTP, SCP등) | I41: 전자세금계산서 국세청 전송 솔루션 | J41: 유료(영구) | K41: 설치형 | L41: N/A | M41: 이기석
A42: =VLOOKUP(B42,'서비스 Master'!$C$4:$D$62,2,FALSE) -> 33 | B42: MSDS 서비스 | C42: DataTables | D42: 1.10.21 | E42: 2020 | F42: 정책 없음 | G42: 업데이트 지원 | H42: 데이터 표시(테이블) | I42: 목록 화면 테이블 출력(페이징/정렬/검색 등) | J42: 무료 | K42: 설치형 | L42: N/A | M42: 우은정
A43: =VLOOKUP(B43,'서비스 Master'!$C$4:$D$62,2,FALSE) -> 33 | B43: MSDS 서비스 | C43: Apache POI | D43: 4.1.2 | E43: 2019 | F43: 정책 없음 | G43: 업데이트 지원 | H43: 기타(엑셀 처리/변환) | I43: MSDS 작성 내용을 기반으로 Excel 문서 생성 | J43: 무료 | K43: 설치형 | L43: N/A | M43: 우은정
A44: =VLOOKUP(B44,'서비스 Master'!$C$4:$D$62,2,FALSE) -> 33 | B44: MSDS 서비스 | C44: Jasper Reports | D44: 6.16.0 | E44: 2021 | F44: 정책 없음 | G44: 업데이트 지원 | H44: 기타(리포트/PDF 생성) | I44: MSDS 작성 내용을 기반으로 PDF 문서 생성 | J44: 무료 | K44: 설치형 | L44: N/A | M44: 우은정
A45: =VLOOKUP(B45,'서비스 Master'!$C$4:$D$62,2,FALSE) -> 36 | B45: 화학연구소 CMS | C45: iText PDF | D45: 5.5.6 | E45: 2014 | F45: EOS됨 | G45: 관리대상 제외 | H45: 기타(파일변환(PDF/이미지), 지도, 미디어(오디오/비디오 플레이어) 등) | I45: PDF 문서 생성 | J45: 유료(영구) | K45: 설치형 | L45: N/A | M45: 한만석
A46: =VLOOKUP(B46,'서비스 Master'!$C$4:$D$62,2,FALSE) -> 36 | B46: 화학연구소 CMS | C46: JasperReports | D46: 5.1.0 | E46: 2013 | F46: EOS됨 | G46: 관리대상 제외 | H46: 데이터 표시(리포트, 차트, 그래프, 캘린더 등) | I46: 리포트 생성 | J46: 무료 | K46: 설치형 | L46: N/A | M46: 한만석
A47: =VLOOKUP(B47,'서비스 Master'!$C$4:$D$62,2,FALSE) -> 36 | B47: 화학연구소 CMS | C47: GoJS | D47: 1.0 | E47: 정보 없음 | F47: 정책 없음 | G47: 라이선스 계약 기반 | H47: 데이터 표시(리포트, 차트, 그래프, 캘린더 등) | I47: 다이어그램 시각화 | J47: 유료(영구) | K47: 설치형 | L47: N/A | M47: 한만석
A48: =VLOOKUP(B48,'서비스 Master'!$C$4:$D$62,2,FALSE) -> 37 | B48: 화학연구소 RPMS | C48: T3DTM | D48: 6.6 | E48: 정보 없음 | F48: 정책 없음 | G48: 관리대상 제외 | H48: 데이터 표시(리포트, 차트, 그래프, 캘린더 등) | I48: 데이터 그리드 | J48: 유료(구독) | K48: 설치형 | L48: 2027.01.10 | M48: 유민아
A49: =VLOOKUP(B49,'서비스 Master'!$C$4:$D$62,2,FALSE) -> 37 | B49: 화학연구소 RPMS | C49: T3Dashboard | D49: 3.0 | E49: 정보 없음 | F49: 정책 없음 | G49: 관리대상 제외 | H49: 데이터 표시(리포트, 차트, 그래프, 캘린더 등) | I49: 데이터 그리드 | J49: 유료(구독) | K49: 설치형 | L49: 2027.01.10 | M49: 유민아
A50: =VLOOKUP(B50,'서비스 Master'!$C$4:$D$62,2,FALSE) -> 37 | B50: 화학연구소 RPMS | C50: Aras Innovator | D50: 12 SP9 | E50: 2020 | F50: EOS됨 | G50: 관리대상 제외 | H50: 입력 및 폼(웹에디터, 파일 업/다운로드, 검색, 날짜 피커 등) | I50: 데이터 조회, 파일업로드 | J50: 무료 | K50: 설치형 | L50: N/A | M50: 유민아
A51: =VLOOKUP(B51,'서비스 Master'!$C$4:$D$62,2,FALSE) -> 39 | B51: 안동 SHE | C51: JasperReports | D51: 6.4.0 | E51: 2017 | F51: 정책 없음 | G51: 업데이트 지원 | H51: 기타(파일변환(PDF/이미지), 지도, 미디어(오디오/비디오 플레이어) 등) | I51: PDF 리포트 파일 다운로드 | J51: 무료 | K51: 설치형 | L51: N/A | M51: 이재영
... A77: =VLOOKUP(B77,'서비스 Master'!$C$4:$D$62,2,FALSE) -> 53 | B77: 그룹웨어 SKYNET_전사_공통 | C77: File Upload Control | D77: 1.0 | E77: 정보 없음 | F77: 정책 없음 | G77: 라이선스 계약 기반 | H77: 입력 및 폼(웹에디터, 파일 업/다운로드, 검색, 날짜 피커 등) | I77: 첨부파일 업로드 컨트롤 | J77: 유료(영구) | K77: 설치형 | L77: N/A | M77: 김영선/고현종
A78: =VLOOKUP(B78,'서비스 Master'!$C$4:$D$62,2,FALSE) -> #N/A
A79: =VLOOKUP(B79,'서비스 Master'!$C$4:$D$62,2,FALSE) -> #N/A

Sheet (미사용_삭제)인프라 정보
G1: C31CP-MDIS-DB2 | H1: 10.247.220.149 | J1: 51433 | L1: =VLOOKUP(#REF!,#REF!,3,FALSE) -> #REF! | O1: 통합 EC2 DB
A3: No. | B3: 시스템명 | C3: WEB/WAS | G3: DB
C4: Hostname | D4: IP | E4: VIP | F4: OS | G4: Hostname | H4: IP | I4: VIP | J4: Port | K4: DB명 | L4: DBMS | M4: DB암호화 | N4: 비고1 | O4: 비고2
A5: =VLOOKUP(B5,'서비스 Master'!$C$4:$D$62,2,FALSE) -> 29 | B5: 비용정산 | C5: SK-PBEXPPDB | D5: 168.154.160.109 | F5: Microsoft Windows Server 2008 R2 (64-bit) | N5: 사내 | O5: (미사용) Plasma 비용정산 / 전자결제 서버

Sheet 서비스 Master (2)
C1: 1 | D1: 2 | E1: 4 | F1: 5 | G1: 6 | H1: 7 | I1: 8 | J1: 9 | K1: 10 | L1: 11 | M1: 12 | N1: 13 | O1: 14 | P1: 15 | Q1: 16 | R1: 17 | S1: 18 | T1: 19 | U1: 20 | V1: 21 | W1: 22 | X1: 23 | Y1: 24 | AB1: 26 | AC1: 27 | AD1: 28 | AE1: 29 | AF1: 30 | AG1: 31 | AH1: 32 | AI1: 33 | AJ1: 34 | AK1: 35 | AL1: 36 | AM1: 37 | AN1: 38 | AO1: 39 | AP1: 40 | AQ1: 41 | AS1: 42 | AU1: 42
H2: Appl. 담당 | M2: 고객사 IT 담당 | P2: Infa 담당자(SK/협) | V2: Front-End | X2: Back-End | AA2: 운영환경 | AD2: 자동화도구 | AG2: 모니터링 | AK2: 비고(특이사항) | AL2: 서비스 대상
A3: No | B3: 구분 | C3: 시스템명 | D3: 시스템 구분 번호 | E3: 당사 관리 범위 | F3: 서비스 등급 | G3: 서비스 수준 | H3: 담당 회사 | I3: 담당 부서 | J3: 담당 팀장 | K3: 담당자 | L3: 협력 | M3: 담당 부서 | N3: 담당 팀장 | O3: 담당자 | P3: 서버(OS) | Q3: MW | R3: DB | S3: NW | T3: 서비스 오픈일 | U3: SI/솔루션 | V3: 언어 | W3: Framework | X3: 언어 | Y3: Framework | Z3: Middleware | AA3: Cloud구분 | AB3: CSP | AC3: DB | AD3: 형상관리 | AE3: 코드 (개발F/W) | AF3: 배포 | AG3: Infra (서버,DB,MW) | AH3: N/W | AI3: APM | AJ3: ITGC여부 | AL3: GC | AM3: 파마 | AN3: 플라즈마 | AO3: MU | AP3: 엔티스 | AQ3: 대정 | AR3: DY | AS3: BS | AT3: BS Share 비율 (케미칼 : 바사) | AU3: BS Share 비고
A4: 1 | B4: 경영지원 | C4: HR G/W HCM G/W | D4: =A4 -> 1 | E4: Appl | H4: C&C | I4: 제조MIS서비스2팀 | J4: 정철우 | K4: 조래옥 | L4: 유원혁 | M4: DT팀 | N4: 두상헌 | O4: 김햇빛 | T4: 2020 | U4: SI 개발 | V4: C# 5.0 | W4: .Net 4.5 | X4: C# 5.0 | Y4: .Net 4.5 | AA4: N | AC4: MSSQL 2019 | AD4: bitbucket | AE4: .Net 4.5 | AF4: Jenkins | AI4: Datadog | AL4: O | AM4: O | AN4: O | AO4: O | AP4: O | AQ4: O | AR4: O | AS4: O | AT4: 0.647:0.335 | AU4: 인력/서비스 Share : 유원혁 M, 25년 : 0.642:0.338
A5: 2 | C5: MDM 시스템 | D5: =A5 -> 2 | E5: Appl | H5: C&C | I5: Plant서비스팀 | J5: 이동호 | K5: 이용재 | L5: 민준홍 | M5: DT팀 | N5: 두상헌 | O5: 유현상 | T5: 2021 | U5: 솔루션 | V5: Javascript ES5 / JSP 2.3 | W5: jQuery 1.11.1 / Ext JS 7.4.0.42 | X5: Java 1.8 | Y5: Spring 4.3.22 | AA5: Y | AB5: AWS | AC5: MSSQL 2017 | AD5: bitbucket | AE5: Java 1.8 | AF5: Jenkins | AI5: Datadog | AJ5: Y | AL5: O
A6: 3 | C6: MDM 유지보수 | D6: =A6 -> 3 | E6: Appl | U6: N/A | AK6: 솔루션 유지보수
A7: 4 | C7: PMO | D7: =A7 -> 4 | E7: Appl | H7: C&C | I7: 제조MIS서비스2팀 | J7: 정철우 | K7: 조래옥 | L7: 최문석/홍명기 | M7: DT팀 | N7: 두상헌 | O7: 민석홍 | U7: N/A | AS7: O | AT7: 0.647:0.335 | AU7: 인력 Share : 최문석 M, 25년 : 0.642:0.338
A8: 5 | C8: RPA | D8: =A8 -> 5 | E8: Appl | H8: C&C | I8: 제조MIS서비스2팀 | J8: 정철우 | K8: 이인 | L8: 김건휘 | M8: DT팀 | N8: 두상헌 | O8: 김햇빛 | T8: 2008 | U8: 솔루션 | V8: N/A | W8: N/A | X8: N/A | Y8: A360 | AA8: Y | AB8: AWS | AC8: MSSQL 2017 | AD8: A360 | AE8: A360 | AF8: A360 | AL8: O | AM8: O
A9: 6 | C9: UI/UX | D9: =A9 -> 6 | E9: Appl | H9: C&C | I9: 제조MIS서비스2팀 | J9: 정철우 | K9: 조래옥 | L9: 양미라 | M9: DT팀 | N9: 두상헌 | O9: 김햇빛 | U9: N/A
A10: 7 | C10: 구)e-HR | D10: =A10 -> 7 | E10: Appl | H10: C&C | I10: 제조MIS서비스2팀 | J10: 정철우 | K10: 조래옥 | L10: 정정배/김기정 | M10: DT팀 | N10: 두상헌 | O10: 김햇빛 | T10: 2001 | U10: SI 개발 | V10: JSP 2.0 | W10: JDK 1.4.2 | X10: Java 1.8 | Y10: JDK 1.4.2 | AA10: N | AC10: Oracle 10g | AD10: - | AE10: Java 1.8 | AF10: - | AL10: O | AM10: O | AN10: O | AO10: O | AP10: O | AQ10: O | AR10: O
A11: 8 | C11: 데이터레이크 | D11: =A11 -> 8 | E11: Appl | H11: C&C | I11: 제조MIS서비스2팀 | J11: 정철우 | K11: 조래옥 | L11: 경규민 | M11: DT팀 | N11: 두상헌 | O11: 민석홍 | T11: 2022 | U11: SI 개발 | V11: N/A | W11: N/A | X11: Python 3.9 | Y11: Apache Hudi 0.10.1 | AA11: Y | AB11: AWS | AC11: - | AD11: - | AE11: - | AF11: - | AL11: O | AM11: O | AR11: O
A12: 9 | C12: 데이터포털 | D12: =A12 -> 9 | E12: Appl | H12: C&C | I12: 제조MIS서비스2팀 | J12: 정철우 | K12: 조래옥 | L12: 구본호 | M12: DT팀 | N12: 두상헌 | O12: 민석홍 | T12: 2023 | U12: SI 개발 | V12: typescript/Javascript/html/scss | W12: Angular 13.3.12 | X12: Javascript / Typescript | Y12: NestJS 11.1.5 | Z12: Node.js 24.4.2 | AA12: Y | AB12: AWS | AC12: Mongo DB 5.0.24 | AD12: - | AF12: 수동 배포 | AK12: 솔루션 유지보수 | AL12: O | AM12: O
C13: 표준관리시스템 | D13: =A13 -> 0 | E13: Appl | H13: C&C | I13: 제조MIS서비스2팀 | J13: 정철우 | K13: 조래옥 | L13: 구본호 | M13: DT팀 | N13: 두상헌 | O13: 민석홍 | T13: 2023 | U13: SI 개발 | V13: Javascript/JSP 2.5 | W13: Ext JS 4.2.1 | X13: Java 1.8 | Y13: Spring 4.2.6 | AA13: N | AC13: PostgreSQL 17 | AD13: - | AF13: 수동 배포 | AK13: 솔루션 유지보수 | AL13: O | AM13: O
A14: 10 | C14: 데이터포털 유지보수 | D14: =A14 -> 10 | E14: Appl | U14: N/A | AK14: 솔루션 유지보수 | AL14: O | AM14: O
A15: 11 | C15: 법무포탈 | D15: =A15 -> 11 | E15: Appl | H15: C&C | I15: 제조MIS서비스2팀 | J15: 정철우 | K15: 조래옥 | L15: 김아현 | M15: DT팀 | N15: 두상헌 | O15: 김햇빛 | T15: 2022 | U15: SI 개발 | V15: Javascript ES5 / JSP 2.3 | W15: jQuery 1.12.4 | X15: Java 1.8 | Y15: 자체개발 | AA15: Y | AB15: AWS | AC15: MSSQL 2017 | AD15: bitbucket | AE15: Java 1.8 | AF15: Jenkins | AI15: Datadog | AL15: O | AM15: O | AN15: O | AO15: O | AP15: O | AQ15: O | AS15: O | AU15: 서비스 Share : 비용분담 X, 과거 데이터 조회용
A16: 12 | C16: 스마트오피스 서비스 | D16: =A16 -> 12 | E16: Appl | H16: C&C | I16: 제조MIS서비스2팀 | J16: 정철우 | K16: 조래옥 | L16: 변영운 | M16: DT팀 | N16: 두상헌 | O16: 김햇빛 | T16: 2021 | U16: 솔루션 | V16: Javascript ES6 / JSP 2.3 | W16: jQuery 3.6.0 | X16: Java 1.8 | Y16: Spring 4.0.9 | AA16: Y | AB16: AWS | AC16: MSSQL 2017 | AE16: Java 1.8 | AF16: sftp | AL16: O | AM16: O | AN16: O | AR16: O
A17: 13 | B17: 기업문화 | C17: ESG Data HUB | D17: =A17 -> 13 | E17: Appl | H17: C&C | I17: 제조MIS서비스2팀 | J17: 정철우 | K17: 조래옥 | L17: 한준호 | M17: DT팀 | N17: 두상헌 | O17: 김햇빛 | T17: 2023 | U17: 솔루션 | V17: JSP | W17: Bootstrap 4.0 | X17: Java 1.8 | Y17: 전자정부 | AA17: Y | AB17: AWS | AC17: MSSQL 2017 | AD17: Bitbucket | AE17: Java & JSP | AF17: Jenkins | AL17: O
A18: 14 | C18: 톡톡 스마트오피스 앱 | D18: =A18 -> 14 | E18: Appl | H18: C&C | I18: 제조MIS서비스2팀 | J18: 정철우 | K18: 조래옥 | L18: 정상률 | M18: DT팀 | N18: 두상헌 | O18: 김햇빛 | T18: 2020 | U18: SI 개발 | V18: Android (Kotlin) / IOS (Swift 5) | W18: SDK 29 / Deployment Target 13.0 | X18: N/A | Y18: N/A | AA18: N | AC18: - | AD18: - | AE18: Android (Kotlin) & IOS (Swift (4)) | AF18: - | AM18: O | AN18: O | AS18: O | AU18: 서비스 Share : 비용분담 X
A19: 15 | B19: 영업 | C19: CRM (S.Square) | D19: =A19 -> 15 | E19: Appl | H19: C&C | I19: 제조MIS서비스2팀 | J19: 정철우 | K19: 이인 | L19: 박도현 | M19: DT팀 | N19: 두상헌 | O19: 김햇빛 | T19: 2017 | U19: SI 개발 | AA19: Y | AB19: AWS | AC19: MSSQL 2017 | AD19: bitbucket | AE19: C#/.Net 4.5 | AF19: Jenkins | AL19: O
A20: 16 | C20: EOS G/W | D20: =A20 -> 16 | E20: Appl | H20: C&C | I20: 제조MIS서비스2팀 | J20: 정철우 | K20: 이인 | L20: 김기정 | M20: DT팀 | N20: 두상헌 | O20: 박상진 | T20: 2020 | U20: SI 개발 | V20: N/A | W20: N/A | X20: C# 5.0 | Y20: .Net 4.5 | AA20: N | AC20: - | AD20: bitbucket | AE20: .Net 4.5 | AF20: Jenkins | AK20: EOS <-> LS-MIS, 인터페이스 GW (DB는 LS-MIS) | AM20: O | AS20: O | AU20: 서비스 Share : 비용분담 X
A21: 17 | C21: SIRS | D21: 17 | E21: Appl | H21: C&C | I21: 제조MIS서비스2팀 | J21: 정철우 | K21: 이인 | L21: 김형일 | M21: DT팀 | N21: 두상헌 | O21: 박상진 | T21: 2021 | U21: SI 개발 | V21: Javascript ES6 / JSP 2.3 | W21: jQuery 3.4.1 | X21: Java 1.8 | Y21: 전자정부 3.9 / Spring 4.3.22 | AA21: N | AC21: MSSQL 2017 | AD21: bitbucket | AE21: Java 1.8 | AF21: Jenkins | AM21: O
A22: 제외_1 | C22: SKMU 휴폐업 중계서버 | D22: =A22 -> 제외_1 | E22: Appl
A23: 제외_2 | C23: SK케미칼 휴폐업 중계서버 | D23: =A23 -> 제외_2 | E23: Appl
A24: 18 | C24: 마케팅 허브 G/W | D24: =A24 -> 18 | E24: Appl | H24: C&C | I24: 제조MIS서비스2팀 | J24: 정철우 | K24: 이인 | L24: 김형일 | M24: DT팀 | N24: 두상헌 | O24: 박상진 | T24: 2020 | U24: SI 개발 | V24: Javascript ES6 / JSP 2.1 | W24: N/A | X24: Java 1.8 | Y24: Spring 3.1.1 | AA24: Y | AB24: AWS | AC24: - | AD24: bitbucket | AE24: Java1.8 | AF24: Jenkins | AM24: O | AN24: O | AS24: O | AU24: 서비스 Share : 비용분담 X
A25: 19 | C25: 모바일MIS | D25: =A25 -> 19 | E25: Appl | H25: C&C | I25: 제조MIS서비스2팀 | J25: 정철우 | K25: 이인 | L25: 김형일 | M25: DT팀 | N25: 두상헌 | O25: 박상진 | T25: 2020 | U25: SI 개발 | V25: Javascript ES6 / JSP 2.2 | W25: jQuery 1.11.1 Angular 1.2.1 | X25: Java 1.8 | Y25: 전자정부 2.7.0 / Spring 3.2.18 | AA25: N | AC25: - | AD25: bitbucket | AE25: Java1.8 | AF25: Jenkins | AM25: O
A26: 20 | C26: 엔티스_MIS | D26: =A26 -> 20 | E26: Appl | H26: C&C | I26: 제조MIS서비스2팀 | J26: 정철우 | K26: 이인 | L26: 최창길 | M26: DT팀 | N26: 두상헌 | O26: 명진 | T26: 2006 | U26: SI 개발 | V26: VB.Net 2003 | W26: VB.Net Framework 1.1 | X26: VB.Net 2003 | Y26: VB.Net Framework 1.1 | AA26: N | AC26: Oracle 10g | AE26: VB.Net 2003 | AF26: 수동 | AP26: O
A27: 21 | C27: 임가공포탈 | D27: =A27 -> 21 | E27: Appl | H27: C&C | I27: Plant서비스팀 | J27: 이동호 | K27: 이용재 | L27: 구본호 | M27: DT팀 | N27: 두상헌 | O27: 명진 | T27: 2020 | U27: SI 개발 | V27: Javascript ES6 / JSP 2.3 | W27: openJDK 1.8 | X27: Java 1.8 | Y27: 전자정부 3.9 / Spring 4.3.22 | AA27: Y | AB27: AWS | AC27: MSSQL 2017 | AD27: bitbucket | AE27: Java1.8 | AF27: Jenkins | AL27: O | AM27: O
A28: 22 | C28: 콜센터 | D28: =A28 -> 22 | E28: Appl | H28: C&C | I28: 제조MIS서비스2팀 | J28: 정철우 | K28: 이인 | L28: 김은수 | M28: DT팀 | N28: 두상헌 | O28: 박상진 | T28: 2021 | U28: 솔루션 | V28: Javascript 1.5 / JSP 2.3 / XML 1.0 | W28: jQuery 3.1.1 | X28: Java 1.8 / XML 1.0 | Y28: Spring 5.2 / homz 5.5.2 | AA28: N | AC28: MSSQL 2019 | AD28: - | AE28: Java1.8 | AF28: - | AM28: O
A29: 23 | C29: 파마 MIS | D29: =A29 -> 23 | E29: Appl | H29: C&C | I29: 제조MIS서비스2팀 | J29: 정철우 | K29: 이인 | L29: 정정배/김기정 | M29: DT팀 | N29: 두상헌 | O29: 박상진 | T29: 2015 | U29: SI 개발 | V29: C# 4.0 | W29: .Net 4.0 | X29: C# 4.0 / 5.0 | Y29: .Net 4.0 / 4.5 | AA29: N | AC29: Oracle 19c | AD29: bitbucket | AE29: .Net 4.0 | AF29: Jenkins | AJ29: Y | AM29: O
A30: 24 | C30: 파마 SFE | D30: =A30 -> 24 | E30: Appl | H30: C&C | I30: 제조MIS서비스2팀 | J30: 정철우 | K30: 이인 | L30: 김형일 | M30: DT팀 | N30: 두상헌 | O30: 박상진 | T30: 2015 | U30: SI 개발 | V30: Javascript ES6 / JSP 2.2 | W30: jQuery 1.10.2 Angular 1.2.1 | X30: Java 1.8 | Y30: 전자정부 2.7.0 / Spring 3.2.18 | AA30: N | AC30: MSSQL 2016 | AD30: bitbucket | AE30: Java1.8 | AF30: Jenkins | AI30: Datadog | AM30: O
A31: 25 | C31: 플라즈마 SFE | D31: =A31 -> 25 | E31: Appl | H31: C&C | I31: 제조MIS서비스2팀 | J31: 정철우 | K31: 이인 | L31: 최용진 | M31: 플라즈마 경영지원실 | N31: - | O31: 임준식 | T31: 2020 | U31: SI 개발 | V31: Javascript ES6 / JSP 2.2 | W31: jQuery 1.10.2 Angular 1.2.1 | X31: Java 1.8 | Y31: 전자정부 2.7.0 / Spring 3.2.18 | AA31: N | AC31: MSSQL 2016 | AD31: bitbucket | AE31: Java 1.8 | AF31: Jenkins | AI31: Datadog | AN31: O
A32: 26 | C32: 플라즈마_MIS | D32: =A32 -> 26 | E32: Appl | H32: C&C | I32: 제조MIS서비스2팀 | J32: 정철우 | K32: 이인 | L32: 최창길 | M32: 플라즈마 경영지원실 | N32: - | O32: 임준식 | T32: 2014 | U32: SI 개발 | V32: Visual Basic 6.0 | W32: N/A | X32: Visual Basic 6.0 | Y32: N/A | AA32: N | AC32: Oracle 10g | AE32: Visual Basic 6.0 | AF32: 수동 | AN32: O
A33: 제외_3 | B33: 재무 | C33: SKMU 세금계산서 | D33: =A33 -> 제외_3 | E33: Appl
A34: 27 | C34: SK케미칼 매입통합 | D34: =A34 -> 27 | E34: Appl | H34: C&C | I34: 제조MIS서비스2팀 | J34: 정철우 | K34: 이인 | L34: 윤호정 | M34: DT팀 | N34: 두상헌 | O34: 명진 | T34: 2017 | U34: 솔루션 | V34: N/A | W34: N/A | X34: C# 5.0 | Y34: .Net 4.5 | AA34: N | AC34: MSSQL 2016 | AD34: - | AE34: .Net 4.5 | AF34: GitLab | AL34: O | AM34: O
A35: 28 | C35: 내부통제시스템 | D35: =A35 -> 28 | E35: Appl | H35: C&C | I35: 제조MIS서비스2팀 | J35: 정철우 | K35: 이인 | L35: 김소영/황영주 | M35: DT팀 | N35: 두상헌 | O35: 명진 | T35: 2021 | U35: 솔루션 | V35: C# 5.0 | W35: .Net 4.5.2 | X35: C# 5.0 | Y35: .Net 4.5.2 | AA35: Y | AB35: AWS | AC35: MSSQL 2017 | AD35: SVN | AE35: .Net 4.5.2 | AF35: Jenkins | AI35: Datadog | AL35: O | AR35: O
A36: 29 | C36: 비용정산 | D36: =A36 -> 29 | E36: Appl | H36: C&C | I36: 제조MIS서비스2팀 | J36: 정철우 | K36: 이인 | L36: 김민준 | M36: DT팀 | N36: 두상헌 | O36: 명진 | T36: 2019 | U36: SI 개발 | V36: Javascript ES6 / JSP 2.3 | W36: jQuery 1.12.3 | X36: Java 1.8 | Y36: 전자정부 3.7.0 | AA36: Y | AB36: AWS | AC36: MSSQL 2017 | AD36: bitbucket | AE36: Java 1.8 | AF36: Jenkins | AI36: Datadog | AJ36: Y | AL36: O | AM36: O | AO36: O | AR36: O
A37: 30 | C37: 비용정산 파투아 | D37: =A37 -> 30 | E37: Appl | H37: C&C | I37: 제조MIS서비스2팀 | J37: 정철우 | K37: 이인 | L37: 박우선 | M37: DT팀 | N37: 두상헌 | O37: 명진 | T37: 2019 | U37: 솔루션 | V37: N/A | W37: N/A | X37: Java 1.8 / C++ 6.0 | Y37: 자체개발 | AA37: Y | AB37: AWS | AC37: MSSQL 2017 | AD37: - | AE37: Java 1.8, .Net Framework 4.5 | AF37: sftp | AL37: O | AM37: O | AO37: O | AR37: O | AS37: O | AU37: 서비스 Share : 비용분담 X
A38: 31 | C38: 비용정산(전자증빙) | D38: =A38 -> 31 | E38: Appl | H38: C&C | I38: 제조MIS서비스2팀 | J38: 정철우 | K38: 이인 | L38: 이상민 | M38: DT팀 | N38: 두상헌 | O38: 명진 | T38: 2020 | U38: 솔루션 | V38: Javascript 1.5 / JSP 2.3 / VC++ 2013 | W38: jQuery 1.11.3 / JDK 1.8 / MFC 2013 | X38: Java 1.8 | Y38: N/A | AA38: Y | AB38: AWS | AC38: MSSQL 2019 | AD38: Git | AE38: Java 1.8, Visual Studio 2013 | AF38: - | AL38: O | AM38: O | AO38: O | AR38: O | AS38: O | AU38: 서비스 Share : 비용분담 X
A39: 32 | C39: 전자세금계산서 | D39: =A39 -> 32 | E39: Appl | H39: C&C | I39: 제조MIS서비스2팀 | J39: 정철우 | K39: 이인 | L39: 김학준/이기석 | M39: DT팀 | N39: 두상헌 | O39: 명진 | T39: 2019 | U39: 솔루션 | V39: Javascript ES2020 / JSP 2.3 | W39: jQuery 1.12 | X39: Java 1.8 | Y39: 전자정부 4.2 | AA39: Y | AB39: AWS | AC39: MSSQL 2017 | AD39: bitbucket | AE39: Java 1.8 | AF39: Jenkins | AI39: Datadog | AL39: O | AM39: O | AO39: O | AP39: O | AQ39: O
A40: 33 | B40: R&D | C40: MSDS 서비스 | D40: =A40 -> 33 | E40: Appl | H40: C&C | I40: Plant서비스팀 | J40: 이동호 | K40: 이용재 | L40: 우은정 | M40: DT팀 | N40: 두상헌 | O40: 김햇빛 | T40: 2023 | U40: 솔루션 | V40: JSP 2.3 | W40: jQuery 3.3.1 | X40: Java 1.8 | Y40: Spring 5.1.9 | AA40: Y | AB40: AWS | AC40: MSSQL 2017 | AD40: Bitbucket | AE40: Java 1.8 | AF40: Jenkins | AL40: O | AP40: O | AQ40: O
A41: 34 | C41: 디테일링서비스 | D41: =A41 -> 34 | E41: Appl | H41: C&C | I41: 제조MIS서비스2팀 | J41: 정철우 | K41: 이인 | L41: 최용진 | M41: DT팀 | N41: 두상헌 | O41: 김햇빛 | T41: 2013 | AA41: N | AC41: MSSQL 2008 | AD41: bitbucket | AE41: C#/.Net 4.0 | AF41: Jenkins
A42: 35 | C42: 특허관리시스템 | D42: =A42 -> 35 | E42: Appl | H42: C&C | I42: Plant서비스팀 | J42: 이동호 | K42: 이용재 | L42: 이대현 | M42: DT팀 | N42: 두상헌 | O42: 김햇빛 | T42: 2019 | U42: 솔루션 | V42: Javascript / JSP | W42: jQuery 1.1 | X42: Java 1.8 | Y42: 자체개발 | AA42: Y | AB42: AWS | AC42: MSSQL 2017 | AD42: bitbucket | AE42: Java 1.8 | AF42: Jenkins | AI42: Datadog | AL42: O | AM42: O | AN42: O
A43: 36 | C43: 화학연구소 CMS | D43: =A43 -> 36 | E43: Appl | H43: C&C | I43: Plant서비스팀 | J43: 이동호 | K43: 이용재 | L43: 한만석 | M43: DT팀 | N43: 두상헌 | O43: 김햇빛 | T43: 2021 | U43: SI 개발 | V43: JSP 2.3 | W43: jQuery 1.8.3 | X43: Java 1.8 | Y43: 전자정부 3.5 | AA43: N | AC43: MSSQL 2019 | AD43: Git | AE43: Java 1.8 | AF43: SFTP | AL43: O | AM43: O
A44: 37 | C44: 화학연구소 RPMS | D44: =A44 -> 37 | E44: Appl | H44: C&C | I44: Plant서비스팀 | J44: 이동호 | K44: 이용재 | L44: 유민아 | M44: DT팀 | N44: 두상헌 | O44: 김햇빛 | T44: 2021 | U44: 솔루션 | V44: Javascript 1.5 | W44: Dojo 1.9.8 | X44: C# 5.0 | Y44: .Net 4.5 | AA44: Y | AB44: AWS | AC44: MSSQL 2017 | AD44: PackageImportExport | AE44: .Net 4.5 | AF44: PackageImportExport | AI44: Datadog | AL44: O | AP44: O | AS44: O | AT44: 0.5:0.5 | AU44: 인력 Share : 유민아 M
A45: 38 | C45: 화학연구소 RPMS 유지보수 | D45: =A45 -> 38 | E45: Appl | U45: N/A
A46: 39 | B46: SHE | C46: 안동 SHE | D46: =A46 -> 39 | E46: Appl | H46: C&C | I46: Plant서비스팀 | J46: 이동호 | K46: 이용재 | L46: 이재영 | M46: 플라즈마 경영지원실 | N46: - | O46: 임준식 | T46: 2021 | U46: SI 개발 | V46: Javascript ES8(ES2017) | W46: Vue 2.6.14 | X46: Java 1.8 | Y46: Spring Boot 2.1.1 / Spring 5.1.3 | Z46: Node.js 22.19.0 / MyBatis 3.5.11 | AA46: N | AC46: MSSQL 2017 | AD46: bitbucket | AE46: Vue.js 2.6, Java 1.8 | AF46: Jenkins | AN46: O
A47: 40 | C47: 청주 SHE | D47: =A47 -> 40 | E47: Appl | H47: C&C | I47: Plant서비스팀 | J47: 이동호 | K47: 이용재 | L47: 이재영 | M47: DT팀 | N47: 두상헌 | O47: 박상진 | T47: 2023 | U47: SI 개발 | V47: Javascript ES8(ES2017) | W47: Vue 2.6.14 | X47: Java 1.8 | Y47: Spring Boot 2.1.1 / Spring 5.1.3 | Z47: Node.js 22.19.0 / MyBatis 3.5.11 | AA47: N | AC47: MSSQL 2017 | AD47: bitbucket | AE47: Vue.js 2.6, Java 1.8 | AF47: Jenkins | AM47: O
A48: 41 | B48: 생산 | C48: SCM | D48: =A48 -> 41 | E48: Appl | H48: C&C | I48: Plant서비스팀 | J48: 이동호 | K48: 이용재 | L48: 최봉진 | M48: DT팀 | N48: 두상헌 | O48: 명진 | T48: 2025 | U48: 솔루션 | V48: Javascript ES6+ | W48: React 18.2.0 | X48: Java 17 | Y48: Spring Boot 2.5.14 | Z48: Node.js 14.21.3 | AA48: N | AC48: MSSQL 2019 | AD48: bitbucket | AE48: Java 17 | AF48: Jenkins | AI48: Datadog | AL48: O
A49: 42 | C49: SCM 유지보수 | D49: =A49 -> 42 | E49: Appl | U49: N/A
A50: 43 | B50: 품질 | C50: 엔티스 LIMS | D50: =A50 -> 43 | E50: Appl | H50: C&C | I50: Plant서비스팀 | J50: 이동호 | K50: 이용재 | L50: 최창길/김기정 | M50: DT팀 | N50: 두상헌 | O50: 명진 | T50: 2016 | U50: SI 개발 | V50: C# 3.0 | W50: .Net 3.5 | X50: C# 3.0 | Y50: .Net 3.5 | AA50: N | AC50: MSSQL 2008 | AD50: bitbucket | AE50: .Net 3.5 | AF50: 수동 | AP50: O
A51: 44 | C51: 파마 LIMS | D51: =A51 -> 44 | E51: Appl | H51: C&C | I51: Plant서비스팀 | J51: 이동호 | K51: 이용재 | L51: 최창길/김기정 | M51: DT팀 | N51: 두상헌 | O51: 박상진 | T51: 2012 | U51: SI 개발 | V51: C# 3.0 | W51: .Net 3.5 | X51: C# 3.0 | Y51: .Net 3.5 | AA51: N | AC51: Oracle 10g | AD51: bitbucket | AE51: .Net 3.5 | AF51: Jenkins | AK51: (구)데이터 조회용 | AM51: O
A52: 45 | C52: 플라즈마 LIMS | D52: =A52 -> 45 | E52: Appl | H52: C&C | I52: Plant서비스팀 | J52: 이동호 | K52: 이용재 | L52: 최창길/김기정 | M52: 플라즈마 경영지원실 | N52: - | O52: 임준식 | T52: 2015 | U52: SI 개발 | V52: C# 3.0 | W52: .Net 3.5 | X52: C# 3.0 | Y52: .Net 3.5 | AA52: N | AC52: Oracle 10g | AD52: bitbucket | AE52: .Net 3.5 | AF52: Jenkins | AN52: O
A53: 46 | B53: 구매 | C53: EDI | D53: =A53 -> 46 | E53: Appl | H53: C&C | I53: Plant서비스팀 | J53: 이동호 | K53: 이용재 | L53: 최슬기 | M53: DT팀 | N53: 두상헌 | O53: 명진 | T53: 2011 | U53: 솔루션 | V53: Javascript ES6 | W53: jQuery 1.3.2 | X53: ASP 3.0 | Y53: N/A | AA53: N | AC53: MSSQL 2008 | AD53: - | AE53: ASP | AF53: - | AL53: O | AM53: O | AO53: O | AR53: O | AS53: O | AU53: 서비스 Share : 비용분담 X
A54: 47 | C54: SKYSCM | D54: =A54 -> 47 | E54: Appl | H54: C&C | I54: Plant서비스팀 | J54: 이동호 | K54: 이용재 | L54: 정정배 | M54: DT팀 | N54: 두상헌 | O54: 명진 | T54: 2015 | U54: SI 개발 | V54: C# 5.0 / Javascript ES6 | W54: .Net 4.5 / bootsterap.js (v3.3.1) / jqgrid.js (v4.6.0) / jquery.js (v1.10.2) / jquery-ui.js(v1.10.2) / underscore.js (v1.7.0) | X54: C# 5.0 | Y54: .Net 4.5 | AA54: N | AC54: MSSQL 2017 | AD54: bitbucket | AE54: .Net 4.8 | AF54: Jenkins | AM54: O
A55: 48 | C55: 구매포탈 | D55: =A55 -> 48 | E55: Appl | H55: C&C | I55: Plant서비스팀 | J55: 이동호 | K55: 이용재 | L55: 박정현 | M55: DT팀 | N55: 두상헌 | O55: 명진 | T55: 2020 | U55: SI 개발 | V55: Javascript ES6 / JSP 2.3 | W55: openJDK 1.8 | X55: Java 1.8 | Y55: 전자정부 3.9 / Spring 4.3.22 | AA55: Y | AB55: AWS | AC55: MSSQL 2017 | AD55: bitbucket | AE55: Java 1.8 | AF55: Jenkins | AI55: Datadog | AJ55: Y | AL55: O | AM55: O | AO55: O
A56: 49 | B56: ERP | C56: SAP | D56: =A56 -> 49 | E56: Appl | H56: C&C | I56: ERP사업개발2팀 | J56: 이승현 | K56: 오성민 | L56: 김광원 외 13명 | M56: DT팀 | N56: 두상헌 | O56: 명진 | U56: 솔루션 | V56: ABAP | W56: ABAP | X56: ABAP | Y56: ABAP | AA56: N | AC56: Oracle 19C | AD56: - | AE56: ABAP | AF56: CTS | AJ56: Y | AL56: O | AM56: O | AO56: O | AR56: O | AS56: O | AU56: 서비스 Share : 비용분담 X, 과거 데이터 조회용
A57: 50 | C57: PO | D57: =A57 -> 50 | E57: Appl | H57: C&C | I57: ERP사업개발2팀 | J57: 이승현 | K57: 오성민 | L57: 백새롬외 2명 | M57: DT팀 | N57: 두상헌 | O57: 명진 | U57: 솔루션 | V57: ABAP | W57: ABAP | X57: ABAP | Y57: ABAP | AA57: N | AC57: Oracle 19C | AD57: - | AE57: ABAP | AF57: CTS | AJ57: Y | AL57: O | AM57: O | AO57: O | AR57: O | AS57: O | AT57: 0.5902:0.4098 | AU57: 인력 Share : K-SOX, 박나리 M
A58: 51 | C58: SAP Solman | D58: =A58 -> 51 | E58: Appl | H58: C&C | I58: ERP사업개발2팀 | J58: 이승현 | K58: 오성민 | L58: 안용주외 2명 | M58: DT팀 | N58: 두상헌 | O58: 명진 | U58: 솔루션 | V58: ABAP | W58: ABAP | X58: ABAP | Y58: ABAP | AA58: N | AC58: MAX DB | AD58: - | AE58: ABAP | AF58: - | AJ58: Y | AL58: O | AM58: O | AO58: O | AR58: O
A59: 52 | B59: M365 | C59: M365 | D59: =A59 -> 52 | E59: Appl | H59: C&C | I59: Digital Workplace서비스2팀 | J59: 정연 | K59: 홍원기 | L59: 김무진/윤영진/조성호 | M59: DT팀 | N59: 두상헌 | O59: 김햇빛 | U59: 솔루션 | V59: Javascript / Typescript | W59: React (Fluent UI), SPFx | X59: C# | Y59: .Net Core | AA59: N | AL59: O | AM59: O | AN59: O | AO59: O | AP59: O | AQ59: O | AR59: O
A60: 53 | B60: G/W | C60: 그룹웨어 SKYNET_전사_공통 | D60: =A60 -> 53 | E60: Appl | H60: C&C | I60: Digital Workplace서비스2팀 | J60: 정연 | K60: 이보람 | L60: 김영선/고현종 | M60: DT팀 | N60: 두상헌 | O60: 김햇빛 | T60: 2019 | U60: 솔루션 | V60: Javascript ES2025 | W60: jQuery 1.8.3 / Lotus Domino V10 | X60: LotusScript 10 / Java 1.8 / Fomular 10 | Y60: Lotus Domino V10 | AA60: N | AC60: Notes Database (ODS53) | AD60: Domino Designer 10 | AE60: Formula 10, LotusScript 10, Java 1.8 | AF60: Domino Designer 10 | AK60: MS Azure SSO 인증 변경 완료(2025.09.29) | AL60: O | AM60: O | AN60: O | AO60: O | AP60: O | AQ60: O | AR60: O | AS60: O | AU60: 서비스 Share : 비용분담 X
A61: 54 | C61: SKYNet RED | D61: =A61 -> 54 | E61: Appl | H61: C&C | I61: Digital Workplace서비스2팀 | J61: 정연 | K61: 이보람 | L61: 김영선/고현종 | M61: DT팀 | N61: 두상헌 | O61: 김햇빛 | T61: 2014 | U61: 솔루션 | V61: Javascript ES2025 | W61: jQuery 1.8.3 / Lotus Domino V10 | X61: LotusScript 10 / Java 1.8 / Fomular 10 | Y61: Lotus Domino V10 | AA61: N | AC61: Notes Database (ODS53) | AD61: Domino Designer 10 | AE61: Formula 10, LotusScript 10, Java 1.8 | AF61: Domino Designer 10 | AK61: 현업부서 신규 솔루션 검토중 ( 의약정보팀 ) | AM61: O | AN61: O | AS61: O | AU61: 서비스 Share : 비용분담 X
A62: 55 | C62: SKYNet 불만처리시스템 | D62: =A62 -> 55 | E62: Appl | H62: C&C | I62: Digital Workplace서비스2팀 | J62: 정연 | K62: 이보람 | L62: 김영선/고현종 | M62: DT팀 | N62: 두상헌 | O62: 김햇빛 | T62: 2012 | U62: 솔루션 | V62: Javascript ES2025 | W62: jQuery 1.8.3 / Lotus Domino V10 | X62: LotusScript 10 / Java 1.8 / Fomular 10 | Y62: Lotus Domino V10 | AA62: N | AC62: Notes Database (ODS53) | AD62: Domino Designer 10 | AE62: Formula 10, LotusScript 10, Java 1.8 | AF62: Domino Designer 10 | AK62: 협업부서 신규 솔루션 검토중 ( 의약정보팀 ) | AM62: O | AN62: O | AS62: O | AU62: 서비스 Share : 비용분담 X
